timestamp,elapsed_seconds,left_ear,right_ear,average_ear,smoothed_ear,eye_state,blink_event,blink_duration,face_detected
2026-08-12T10:59:25.298865,0.6444,0.434049,0.474111,0.45408,0.45408,OPEN,0,0.0,1
2026-08-12T10:59:25.389979,0.734,0.402281,0.455435,0.428858,0.445252,OPEN,0,0.0,1
2026-08-12T10:59:25.438479,0.76,0.390177,0.443957,0.417067,0.435387,OPEN,0,0.0,1
2026-08-12T10:59:25.468850,0.8074,0.38628,0.440787,0.413534,0.427739,OPEN,0,0.0,1
2026-08-12T10:59:25.499932,0.8389,0.389129,0.438567,0.413848,0.422877,OPEN,0,0.0,1
2026-08-12T10:59:25.527357,0.8702,0.387682,0.436511,0.412097,0.419104,OPEN,0,0.0,1
2026-08-12T10:59:25.547187,0.8964,0.388644,0.438515,0.413579,0.41717,OPEN,0,0.0,1
2026-08-12T10:59:25.580365,0.9306,0.391357,0.438926,0.415142,0.41646,OPEN,0,0.0,1
2026-08-12T10:59:25.616303,0.9644,0.394111,0.441264,0.417688,0.41689,OPEN,0,0.0,1
2026-08-12T10:59:25.649242,0.9996,0.397151,0.443157,0.420154,0.418032,OPEN,0,0.0,1
2026-08-12T10:59:25.681678,1.0327,0.399993,0.451646,0.425819,0.420758,OPEN,0,0.0,1
2026-08-12T10:59:25.697623,1.0501,0.400833,0.460476,0.430654,0.424222,OPEN,0,0.0,1
2026-08-12T10:59:25.715056,1.0662,0.400648,0.457615,0.429132,0.42594,OPEN,0,0.0,1
2026-08-12T10:59:25.741775,1.0919,0.402387,0.454171,0.428279,0.426759,OPEN,0,0.0,1
2026-08-12T10:59:25.776691,1.1257,0.400318,0.445357,0.422837,0.425386,OPEN,0,0.0,1
2026-08-12T10:59:25.793934,1.1443,0.400825,0.448415,0.42462,0.425118,OPEN,0,0.0,1
2026-08-12T10:59:25.821887,1.1714,0.397761,0.448045,0.422903,0.424343,OPEN,0,0.0,1
2026-08-12T10:59:25.853327,1.2042,0.399601,0.452545,0.426073,0.424948,OPEN,0,0.0,1
2026-08-12T10:59:25.891574,1.2361,0.393328,0.450259,0.421793,0.423844,OPEN,0,0.0,1
2026-08-12T10:59:25.926483,1.2695,0.402001,0.455811,0.428906,0.425616,OPEN,0,0.0,1
2026-08-12T10:59:25.955576,1.2998,0.39915,0.455935,0.427542,0.42629,OPEN,0,0.0,1
2026-08-12T10:59:25.984708,1.3327,0.39852,0.449971,0.424245,0.425574,OPEN,0,0.0,1
2026-08-12T10:59:26.016796,1.3654,0.402009,0.457183,0.429596,0.426982,OPEN,0,0.0,1
2026-08-12T10:59:26.054212,1.3958,0.395089,0.455584,0.425336,0.426406,OPEN,0,0.0,1
2026-08-12T10:59:26.095430,1.4443,0.394875,0.455376,0.425125,0.425958,OPEN,0,0.0,1
2026-08-12T10:59:26.123518,1.4746,0.390697,0.450795,0.420746,0.424134,OPEN,0,0.0,1
2026-08-12T10:59:26.159222,1.5079,0.394367,0.447102,0.420735,0.422944,OPEN,0,0.0,1
2026-08-12T10:59:26.196434,1.5416,0.396463,0.455897,0.42618,0.424077,OPEN,0,0.0,1
2026-08-12T10:59:26.230548,1.5764,0.403119,0.447987,0.425553,0.424593,OPEN,0,0.0,1
2026-08-12T10:59:26.261697,1.6081,0.406523,0.449569,0.428046,0.425802,OPEN,0,0.0,1
2026-08-12T10:59:26.297092,1.6423,0.414279,0.453076,0.433677,0.428558,OPEN,0,0.0,1
2026-08-12T10:59:26.318227,1.6687,0.404741,0.446935,0.425838,0.427606,OPEN,0,0.0,1
2026-08-12T10:59:26.351336,1.7006,0.398287,0.440216,0.419252,0.424682,OPEN,0,0.0,1
2026-08-12T10:59:26.392504,1.7384,0.4011,0.43805,0.419575,0.422895,OPEN,0,0.0,1
2026-08-12T10:59:26.417470,1.7647,0.412352,0.441925,0.427138,0.42438,OPEN,0,0.0,1
2026-08-12T10:59:26.452404,1.7992,0.405376,0.44588,0.425628,0.424817,OPEN,0,0.0,1
2026-08-12T10:59:26.486811,1.8334,0.407662,0.442558,0.42511,0.424919,OPEN,0,0.0,1
2026-08-12T10:59:26.531638,1.8771,0.423385,0.443062,0.433223,0.427826,OPEN,0,0.0,1
2026-08-12T10:59:26.564150,1.9095,0.422912,0.448276,0.435594,0.430544,OPEN,0,0.0,1
2026-08-12T10:59:26.596065,1.9455,0.422249,0.46518,0.443714,0.435154,OPEN,0,0.0,1
2026-08-12T10:59:26.621602,1.9716,0.422379,0.460184,0.441282,0.437299,OPEN,0,0.0,1
2026-08-12T10:59:26.654786,2.0048,0.435342,0.465928,0.450635,0.441966,OPEN,0,0.0,1
2026-08-12T10:59:26.689109,2.0382,0.429107,0.460642,0.444875,0.442984,OPEN,0,0.0,1
2026-08-12T10:59:26.720617,2.0713,0.434223,0.472293,0.453258,0.44658,OPEN,0,0.0,1
2026-08-12T10:59:26.755478,2.1065,0.432079,0.46797,0.450025,0.447786,OPEN,0,0.0,1
2026-08-12T10:59:26.790604,2.1388,0.426216,0.467004,0.44661,0.447374,OPEN,0,0.0,1
2026-08-12T10:59:26.819395,2.1686,0.432997,0.4778,0.455398,0.450183,OPEN,0,0.0,1
2026-08-12T10:59:26.854353,2.202,0.429357,0.482503,0.45593,0.452194,OPEN,0,0.0,1
2026-08-12T10:59:26.887376,2.2357,0.437185,0.489403,0.463294,0.456079,OPEN,0,0.0,1
2026-08-12T10:59:26.945279,2.2865,0.416706,0.455814,0.43626,0.449142,OPEN,0,0.0,1
2026-08-12T10:59:26.971430,2.3202,0.423868,0.462088,0.442978,0.446985,OPEN,0,0.0,1
2026-08-12T10:59:27.004460,2.3542,0.415567,0.457571,0.436569,0.443339,OPEN,0,0.0,1
2026-08-12T10:59:27.038077,2.389,0.417498,0.456972,0.437235,0.441203,OPEN,0,0.0,1
2026-08-12T10:59:27.053550,2.4056,0.420093,0.458204,0.439149,0.440484,OPEN,0,0.0,1
2026-08-12T10:59:27.087833,2.4366,0.421445,0.455011,0.438228,0.439694,OPEN,0,0.0,1
2026-08-12T10:59:27.125858,2.4694,0.418419,0.452079,0.435249,0.438138,OPEN,0,0.0,1
2026-08-12T10:59:27.153366,2.5004,0.413298,0.446878,0.430088,0.435321,OPEN,0,0.0,1
2026-08-12T10:59:27.184637,2.5345,0.408889,0.443849,0.426369,0.432188,OPEN,0,0.0,1
2026-08-12T10:59:27.216276,2.5671,0.413643,0.44903,0.431337,0.43189,OPEN,0,0.0,1
2026-08-12T10:59:27.247328,2.5962,0.409925,0.448049,0.428987,0.430874,OPEN,0,0.0,1
2026-08-12T10:59:27.278623,2.6282,0.413788,0.456747,0.435268,0.432412,OPEN,0,0.0,1
2026-08-12T10:59:27.315835,2.6628,0.411935,0.456432,0.434184,0.433032,OPEN,0,0.0,1
2026-08-12T10:59:27.362116,2.7091,0.412421,0.454606,0.433513,0.4332,OPEN,0,0.0,1
2026-08-12T10:59:27.393265,2.7413,0.411711,0.456831,0.434271,0.433575,OPEN,0,0.0,1
2026-08-12T10:59:27.425959,2.7727,0.400943,0.452051,0.426497,0.431098,OPEN,0,0.0,1
2026-08-12T10:59:27.460366,2.8085,0.373336,0.426655,0.399996,0.420212,OPEN,0,0.0,1
2026-08-12T10:59:27.495647,2.8423,0.372006,0.422361,0.397183,0.412152,OPEN,0,0.0,1
2026-08-12T10:59:27.521692,2.8687,0.359203,0.429745,0.394474,0.405965,OPEN,0,0.0,1
2026-08-12T10:59:27.555412,2.9024,0.356131,0.426756,0.391443,0.400882,OPEN,0,0.0,1
2026-08-12T10:59:27.590714,2.9367,0.357667,0.421678,0.389673,0.396959,OPEN,0,0.0,1
2026-08-12T10:59:27.624501,2.9711,0.361698,0.424798,0.393248,0.39566,OPEN,0,0.0,1
2026-08-12T10:59:27.650362,2.9975,0.365316,0.426074,0.395695,0.395672,OPEN,0,0.0,1
2026-08-12T10:59:27.683479,3.0343,0.379088,0.428552,0.40382,0.398524,OPEN,0,0.0,1
2026-08-12T10:59:27.722518,3.0687,0.388397,0.449837,0.419117,0.405732,OPEN,0,0.0,1
2026-08-12T10:59:27.742364,3.0904,0.402536,0.46966,0.436098,0.41636,OPEN,0,0.0,1
2026-08-12T10:59:27.791677,3.1405,0.402643,0.461964,0.432304,0.42194,OPEN,0,0.0,1
2026-08-12T10:59:27.824620,3.174,0.39582,0.459763,0.427791,0.423988,OPEN,0,0.0,1
2026-08-12T10:59:27.859100,3.2073,0.392338,0.456845,0.424591,0.424199,OPEN,0,0.0,1
2026-08-12T10:59:27.891371,3.241,0.379908,0.448052,0.41398,0.420622,OPEN,0,0.0,1
2026-08-12T10:59:27.917909,3.2682,0.377166,0.46058,0.418873,0.42001,OPEN,0,0.0,1
2026-08-12T10:59:27.956494,3.3014,0.370654,0.401645,0.386149,0.408159,OPEN,0,0.0,1
2026-08-12T10:59:27.985943,3.335,0.250293,0.314139,0.282216,0.364079,OPEN,0,0.0,1
2026-08-12T10:59:28.016353,3.3684,0.127961,0.236033,0.181997,0.30035,OPEN,0,0.0,1
2026-08-12T10:59:28.044198,3.3956,0.106396,0.26661,0.186503,0.260504,OPEN,0,0.0,1
2026-08-12T10:59:28.078706,3.4285,0.122994,0.293411,0.208202,0.242198,CLOSING,0,0.0,1
2026-08-12T10:59:28.117684,3.4655,0.235801,0.4495,0.342651,0.277357,OPEN,0,0.0,1
2026-08-12T10:59:28.145680,3.4921,0.268923,0.558716,0.41382,0.325119,OPEN,0,0.0,1
2026-08-12T10:59:28.175716,3.5261,0.194539,0.528163,0.361351,0.3378,OPEN,0,0.0,1
2026-08-12T10:59:28.225289,3.5712,0.253696,0.78891,0.521303,0.402026,OPEN,0,0.0,1
2026-08-12T10:59:28.264502,3.6055,0.269363,0.871044,0.570204,0.460888,OPEN,0,0.0,1
2026-08-12T10:59:28.290448,3.6397,0.243584,0.804302,0.523943,0.482957,OPEN,0,0.0,1
2026-08-12T10:59:28.334198,3.6853,0.287294,0.890909,0.589102,0.520108,OPEN,0,0.0,1
2026-08-12T10:59:28.353870,3.7029,0.293661,0.897828,0.595744,0.546581,OPEN,0,0.0,1
2026-08-12T10:59:28.394549,3.7383,0.295316,0.942629,0.618973,0.571918,OPEN,0,0.0,1
2026-08-12T10:59:28.413451,3.7639,0.29624,0.957809,0.627025,0.591205,OPEN,0,0.0,1
2026-08-12T10:59:28.447451,3.7982,0.314433,1.058543,0.686488,0.624554,OPEN,0,0.0,1
2026-08-12T10:59:28.474114,3.8267,0.331126,1.119516,0.725321,0.659823,OPEN,0,0.0,1
2026-08-12T10:59:28.514282,3.8605,0.348391,1.275994,0.812193,0.713152,OPEN,0,0.0,1
2026-08-12T10:59:28.548785,3.8949,0.347538,1.12299,0.735264,0.720891,OPEN,0,0.0,1
2026-08-12T10:59:28.576283,3.925,0.341746,1.272601,0.807174,0.75109,OPEN,0,0.0,1
2026-08-12T10:59:28.613624,3.9595,0.343076,1.139761,0.741418,0.747705,OPEN,0,0.0,1
2026-08-12T10:59:28.660246,4.0067,0.363352,1.146228,0.75479,0.750185,OPEN,0,0.0,1
2026-08-12T10:59:28.689027,4.0364,0.346228,0.976962,0.661595,0.719178,OPEN,0,0.0,1
2026-08-12T10:59:28.721279,4.0698,0.277605,0.946025,0.611815,0.681601,OPEN,0,0.0,1
2026-08-12T10:59:28.759038,4.1057,0.269446,0.840598,0.555022,0.637299,OPEN,0,0.0,1
2026-08-12T10:59:28.794767,4.1405,0.263093,0.741265,0.502179,0.590007,OPEN,0,0.0,1
2026-08-12T10:59:28.813681,4.1635,0.283775,0.83792,0.560847,0.579801,OPEN,0,0.0,1
2026-08-12T10:59:28.850723,4.1977,0.274068,0.825103,0.549585,0.569226,OPEN,0,0.0,1
2026-08-12T10:59:28.882597,4.229,0.284313,0.862733,0.573523,0.57073,OPEN,0,0.0,1
2026-08-12T10:59:28.918181,4.2615,0.314805,0.89797,0.606387,0.58321,OPEN,0,0.0,1
2026-08-12T10:59:28.944146,4.2952,0.309366,0.879566,0.594466,0.58715,OPEN,0,0.0,1
2026-08-12T10:59:28.975847,4.3257,0.325447,0.876389,0.600918,0.591969,OPEN,0,0.0,1
2026-08-12T10:59:29.007926,4.3578,0.334634,0.878867,0.606751,0.597142,OPEN,0,0.0,1
2026-08-12T10:59:29.051429,4.4018,0.32299,0.857125,0.590057,0.594663,OPEN,0,0.0,1
2026-08-12T10:59:29.082620,4.4342,0.34098,0.799624,0.570302,0.586136,OPEN,0,0.0,1
2026-08-12T10:59:29.120984,4.4685,0.333234,0.780763,0.556999,0.575938,OPEN,0,0.0,1
2026-08-12T10:59:29.157706,4.5023,0.366517,0.765753,0.566135,0.572507,OPEN,0,0.0,1
2026-08-12T10:59:29.184101,4.533,0.360136,0.759959,0.560048,0.568146,OPEN,0,0.0,1
2026-08-12T10:59:29.216982,4.5682,0.350991,0.760799,0.555895,0.563858,OPEN,0,0.0,1
2026-08-12T10:59:29.244651,4.5955,0.347757,0.752698,0.550227,0.559087,OPEN,0,0.0,1
2026-08-12T10:59:29.281714,4.6294,0.35613,0.769853,0.562991,0.560454,OPEN,0,0.0,1
2026-08-12T10:59:29.314748,4.6617,0.374962,0.796618,0.58579,0.569321,OPEN,0,0.0,1
2026-08-12T10:59:29.347293,4.6933,0.36228,0.739275,0.550778,0.562831,OPEN,0,0.0,1
2026-08-12T10:59:29.378669,4.7256,0.376348,0.736806,0.556577,0.560642,OPEN,0,0.0,1
2026-08-12T10:59:29.412731,4.7616,0.391298,0.736192,0.563745,0.561728,OPEN,0,0.0,1
2026-08-12T10:59:29.449116,4.7977,0.387157,0.7326,0.559879,0.561081,OPEN,0,0.0,1
2026-08-12T10:59:29.491440,4.8375,0.40618,0.74894,0.57756,0.566849,OPEN,0,0.0,1
2026-08-12T10:59:29.521860,4.8694,0.417584,0.756278,0.586931,0.573878,OPEN,0,0.0,1
2026-08-12T10:59:29.554215,4.9012,0.423656,0.769186,0.596421,0.581768,OPEN,0,0.0,1
2026-08-12T10:59:29.586491,4.9332,0.419458,0.759647,0.589553,0.584492,OPEN,0,0.0,1
2026-08-12T10:59:29.619319,4.9659,0.435191,0.813766,0.624478,0.598487,OPEN,0,0.0,1
2026-08-12T10:59:29.653219,5.0025,0.434528,0.785901,0.610215,0.602592,OPEN,0,0.0,1
2026-08-12T10:59:29.687351,5.0359,0.43481,0.776176,0.605493,0.603607,OPEN,0,0.0,1
2026-08-12T10:59:29.724982,5.0705,0.434892,0.780702,0.607797,0.605074,OPEN,0,0.0,1
2026-08-12T10:59:29.745681,5.0932,0.413211,0.734853,0.574032,0.594209,OPEN,0,0.0,1
2026-08-12T10:59:29.781395,5.1281,0.403204,0.686048,0.544626,0.576855,OPEN,0,0.0,1
2026-08-12T10:59:29.810176,5.1567,0.354512,0.666356,0.510434,0.553608,OPEN,0,0.0,1
2026-08-12T10:59:29.843499,5.1934,0.314988,0.671891,0.49344,0.532549,OPEN,0,0.0,1
2026-08-12T10:59:29.880642,5.2274,0.322997,0.672449,0.497723,0.52036,OPEN,0,0.0,1
2026-08-12T10:59:29.922038,5.269,0.35606,0.659609,0.507835,0.515976,OPEN,0,0.0,1
2026-08-12T10:59:29.956783,5.3019,0.374631,0.666766,0.520699,0.517629,OPEN,0,0.0,1
2026-08-12T10:59:29.985290,5.3325,0.374708,0.610811,0.49276,0.508925,OPEN,0,0.0,1
2026-08-12T10:59:30.018264,5.3658,0.33986,0.560755,0.450307,0.488409,OPEN,0,0.0,1
2026-08-12T10:59:30.051329,5.399,0.326253,0.497618,0.411935,0.461643,OPEN,0,0.0,1
2026-08-12T10:59:30.082237,5.4332,0.252009,0.405389,0.328699,0.415113,OPEN,0,0.0,1
2026-08-12T10:59:30.112386,5.4598,0.162095,0.39049,0.276293,0.366526,OPEN,0,0.0,1
2026-08-12T10:59:30.146283,5.4932,0.217962,0.374133,0.296047,0.341858,OPEN,0,0.0,1
2026-08-12T10:59:30.178046,5.5253,0.232036,0.358984,0.29551,0.325636,OPEN,0,0.0,1
2026-08-12T10:59:30.210848,5.5574,0.24149,0.338909,0.2902,0.313233,OPEN,0,0.0,1
2026-08-12T10:59:30.243851,5.5898,0.23974,0.331251,0.285495,0.303525,OPEN,0,0.0,1
2026-08-12T10:59:30.273647,5.6248,0.242652,0.31878,0.280716,0.295542,OPEN,0,0.0,1
2026-08-12T10:59:30.305988,5.6578,0.242361,0.32221,0.282286,0.290902,OPEN,0,0.0,1
2026-08-12T10:59:30.357041,5.7022,0.244845,0.329276,0.287061,0.289558,OPEN,0,0.0,1
2026-08-12T10:59:30.385672,5.732,0.247653,0.330857,0.289255,0.289452,OPEN,0,0.0,1
2026-08-12T10:59:30.418684,5.7659,0.255138,0.331951,0.293544,0.290884,OPEN,0,0.0,1
2026-08-12T10:59:30.451162,5.7981,0.252453,0.338624,0.295538,0.292513,OPEN,0,0.0,1
2026-08-12T10:59:30.483377,5.8293,0.261877,0.345126,0.303502,0.296359,OPEN,0,0.0,1
2026-08-12T10:59:30.516147,5.865,0.273322,0.346722,0.310022,0.301141,OPEN,0,0.0,1
2026-08-12T10:59:30.545767,5.893,0.285901,0.352927,0.319414,0.307537,OPEN,0,0.0,1
2026-08-12T10:59:30.580245,5.9274,0.287255,0.347931,0.317593,0.311056,OPEN,0,0.0,1
2026-08-12T10:59:30.614867,5.9611,0.292678,0.352045,0.322361,0.315013,OPEN,0,0.0,1
2026-08-12T10:59:30.649474,5.9954,0.289321,0.352982,0.321152,0.317162,OPEN,0,0.0,1
2026-08-12T10:59:30.672968,6.0198,0.281735,0.350055,0.315895,0.316718,OPEN,0,0.0,1
2026-08-12T10:59:30.710846,6.0583,0.268331,0.335404,0.301868,0.311521,OPEN,0,0.0,1
2026-08-12T10:59:30.755815,6.1023,0.257859,0.329431,0.293645,0.305264,OPEN,0,0.0,1
2026-08-12T10:59:30.785917,6.1331,0.262419,0.329837,0.296128,0.302066,OPEN,0,0.0,1
2026-08-12T10:59:30.819546,6.1659,0.258839,0.322717,0.290778,0.298115,OPEN,0,0.0,1
2026-08-12T10:59:30.846612,6.1966,0.251355,0.318798,0.285077,0.293552,OPEN,0,0.0,1
2026-08-12T10:59:30.885098,6.2313,0.255163,0.320082,0.287623,0.291477,OPEN,0,0.0,1
2026-08-12T10:59:30.916525,6.265,0.256811,0.323351,0.290081,0.290988,OPEN,0,0.0,1
2026-08-12T10:59:30.965868,6.3106,0.2577,0.31191,0.284805,0.288824,OPEN,0,0.0,1
2026-08-12T10:59:30.985888,6.3348,0.255914,0.312401,0.284158,0.287191,OPEN,0,0.0,1
2026-08-12T10:59:31.004291,6.354,0.262814,0.316342,0.289578,0.288026,OPEN,0,0.0,1
2026-08-12T10:59:31.037901,6.3881,0.264997,0.318828,0.291912,0.289386,OPEN,0,0.0,1
2026-08-12T10:59:31.071046,6.4206,0.265048,0.307492,0.28627,0.288296,OPEN,0,0.0,1
2026-08-12T10:59:31.100445,6.4511,0.273099,0.313192,0.293146,0.289993,OPEN,0,0.0,1
2026-08-12T10:59:31.136467,6.4878,0.284594,0.322604,0.303599,0.294755,OPEN,0,0.0,1
2026-08-12T10:59:31.187621,6.5343,0.296323,0.334329,0.315326,0.301955,OPEN,0,0.0,1
2026-08-12T10:59:31.213096,6.5632,0.290028,0.335605,0.312816,0.305757,OPEN,0,0.0,1
2026-08-12T10:59:31.244615,6.5957,0.294512,0.345002,0.319757,0.310657,OPEN,0,0.0,1
2026-08-12T10:59:31.277209,6.627,0.301757,0.34859,0.325174,0.315738,OPEN,0,0.0,1
2026-08-12T10:59:31.307611,6.6582,0.317983,0.354463,0.336223,0.322907,OPEN,0,0.0,1
2026-08-12T10:59:31.338940,6.6905,0.331796,0.34926,0.340528,0.329075,OPEN,0,0.0,1
2026-08-12T10:59:31.373534,6.7254,0.33865,0.365832,0.352241,0.337183,OPEN,0,0.0,1
2026-08-12T10:59:31.406288,6.7546,0.333131,0.372111,0.352621,0.342586,OPEN,0,0.0,1
2026-08-12T10:59:31.439311,6.7887,0.329146,0.373684,0.351415,0.345676,OPEN,0,0.0,1
2026-08-12T10:59:31.471063,6.8192,0.325273,0.373337,0.349305,0.346946,OPEN,0,0.0,1
2026-08-12T10:59:31.536387,6.8839,0.327583,0.373141,0.350362,0.348142,OPEN,0,0.0,1
2026-08-12T10:59:31.554558,6.9045,0.322739,0.370618,0.346678,0.34763,OPEN,0,0.0,1
2026-08-12T10:59:31.582600,6.9328,0.324317,0.371794,0.348056,0.347779,OPEN,0,0.0,1
2026-08-12T10:59:31.612870,6.9632,0.325321,0.369899,0.34761,0.34772,OPEN,0,0.0,1
2026-08-12T10:59:31.645820,6.9966,0.323596,0.369075,0.346335,0.347235,OPEN,0,0.0,1
2026-08-12T10:59:31.676790,7.027,0.324298,0.371136,0.347717,0.347404,OPEN,0,0.0,1
2026-08-12T10:59:31.730347,7.076,0.318448,0.373384,0.345916,0.346883,OPEN,0,0.0,1
2026-08-12T10:59:31.761404,7.1077,0.320778,0.37138,0.346079,0.346602,OPEN,0,0.0,1
2026-08-12T10:59:31.790748,7.1412,0.318365,0.366703,0.342534,0.345178,OPEN,0,0.0,1
2026-08-12T10:59:31.826142,7.1726,0.31496,0.369814,0.342387,0.344201,OPEN,0,0.0,1
2026-08-12T10:59:31.844710,7.1955,0.316435,0.374287,0.345361,0.344607,OPEN,0,0.0,1
2026-08-12T10:59:31.867720,7.2183,0.320771,0.372523,0.346647,0.345321,OPEN,0,0.0,1
2026-08-12T10:59:31.941164,7.2862,0.330468,0.362816,0.346642,0.345783,OPEN,0,0.0,1
2026-08-12T10:59:31.968693,7.3157,0.342603,0.377447,0.360025,0.350768,OPEN,0,0.0,1
2026-08-12T10:59:32.009485,7.3511,0.348534,0.38426,0.366397,0.356238,OPEN,0,0.0,1
2026-08-12T10:59:32.031106,7.3785,0.34737,0.383117,0.365244,0.35939,OPEN,0,0.0,1
2026-08-12T10:59:32.063367,7.4134,0.349116,0.382823,0.365969,0.361693,OPEN,0,0.0,1
2026-08-12T10:59:32.095386,7.4468,0.350553,0.382039,0.366296,0.363304,OPEN,0,0.0,1
2026-08-12T10:59:32.125215,7.4762,0.352276,0.385975,0.369125,0.365341,OPEN,0,0.0,1
2026-08-12T10:59:32.160040,7.5105,0.352208,0.384126,0.368167,0.36633,OPEN,0,0.0,1
2026-08-12T10:59:32.189197,7.5397,0.352698,0.383928,0.368313,0.367024,OPEN,0,0.0,1
2026-08-12T10:59:32.222454,7.5724,0.352662,0.385332,0.368997,0.367715,OPEN,0,0.0,1
2026-08-12T10:59:32.255707,7.6038,0.35176,0.38473,0.368245,0.3679,OPEN,0,0.0,1
2026-08-12T10:59:32.285903,7.6348,0.354448,0.380792,0.36762,0.367802,OPEN,0,0.0,1
2026-08-12T10:59:32.315425,7.6663,0.35792,0.382089,0.370004,0.368573,OPEN,0,0.0,1
2026-08-12T10:59:32.350973,7.7,0.358764,0.386082,0.372423,0.36992,OPEN,0,0.0,1
2026-08-12T10:59:32.402261,7.7476,0.357291,0.388198,0.372744,0.370909,OPEN,0,0.0,1
2026-08-12T10:59:32.439549,7.7885,0.359495,0.392225,0.37586,0.372642,OPEN,0,0.0,1
2026-08-12T10:59:32.460452,7.8117,0.359028,0.394303,0.376665,0.37405,OPEN,0,0.0,1
2026-08-12T10:59:32.493951,7.845,0.362346,0.401018,0.381682,0.376721,OPEN,0,0.0,1
2026-08-12T10:59:32.525319,7.8751,0.362747,0.403645,0.383196,0.378987,OPEN,0,0.0,1
2026-08-12T10:59:32.561554,7.9088,0.363233,0.404243,0.383738,0.38065,OPEN,0,0.0,1
2026-08-12T10:59:32.593664,7.9401,0.363936,0.406535,0.385235,0.382255,OPEN,0,0.0,1
2026-08-12T10:59:32.627520,7.9734,0.368053,0.409536,0.388794,0.384544,OPEN,0,0.0,1
2026-08-12T10:59:32.656319,8.0076,0.365559,0.408559,0.387059,0.385424,OPEN,0,0.0,1
2026-08-12T10:59:32.686120,8.0351,0.36499,0.409057,0.387024,0.385984,OPEN,0,0.0,1
2026-08-12T10:59:32.721881,8.0686,0.363882,0.409258,0.38657,0.386189,OPEN,0,0.0,1
2026-08-12T10:59:32.755022,8.1022,0.362915,0.408695,0.385805,0.386055,OPEN,0,0.0,1
2026-08-12T10:59:32.788909,8.1363,0.362994,0.409727,0.386361,0.386162,OPEN,0,0.0,1
2026-08-12T10:59:32.836733,8.1803,0.362676,0.409223,0.38595,0.386088,OPEN,0,0.0,1
2026-08-12T10:59:32.867207,8.2167,0.362305,0.407348,0.384826,0.385646,OPEN,0,0.0,1
2026-08-12T10:59:32.892338,8.2444,0.364392,0.406137,0.385265,0.385513,OPEN,0,0.0,1
2026-08-12T10:59:32.930131,8.2772,0.363411,0.399904,0.381658,0.384163,OPEN,0,0.0,1
2026-08-12T10:59:32.963375,8.3094,0.360025,0.393372,0.376698,0.381551,OPEN,0,0.0,1
2026-08-12T10:59:32.992703,8.3422,0.357976,0.385917,0.371946,0.378189,OPEN,0,0.0,1
2026-08-12T10:59:33.026579,8.3728,0.357965,0.38815,0.373058,0.376393,OPEN,0,0.0,1
2026-08-12T10:59:33.060832,8.4073,0.351341,0.387011,0.369176,0.373867,OPEN,0,0.0,1
2026-08-12T10:59:33.094903,8.4419,0.354068,0.388242,0.371155,0.372918,OPEN,0,0.0,1
2026-08-12T10:59:33.132772,8.4767,0.338202,0.352616,0.345409,0.36329,OPEN,0,0.0,1
2026-08-12T10:59:33.152091,8.5004,0.33781,0.354696,0.346253,0.357327,OPEN,0,0.0,1
2026-08-12T10:59:33.186542,8.5349,0.336275,0.36237,0.349323,0.354525,OPEN,0,0.0,1
2026-08-12T10:59:33.219632,8.5658,0.351315,0.369067,0.360191,0.356508,OPEN,0,0.0,1
2026-08-12T10:59:33.268785,8.6141,0.364435,0.373182,0.368809,0.360813,OPEN,0,0.0,1
2026-08-12T10:59:33.300956,8.6502,0.369226,0.37938,0.374303,0.365535,OPEN,0,0.0,1
2026-08-12T10:59:33.325620,8.6759,0.368252,0.380645,0.374449,0.368655,OPEN,0,0.0,1
2026-08-12T10:59:33.362519,8.71,0.380604,0.393735,0.387169,0.375135,OPEN,0,0.0,1
2026-08-12T10:59:33.628089,8.9696,0.387916,0.406693,0.397305,0.382894,OPEN,0,0.0,1
2026-08-12T10:59:33.677399,9.0186,0.38355,0.406285,0.394917,0.387102,OPEN,0,0.0,1
2026-08-12T10:59:33.699606,9.0502,0.381021,0.408526,0.394774,0.389787,OPEN,0,0.0,1
2026-08-12T10:59:33.725416,9.0696,0.375406,0.40604,0.390723,0.390115,OPEN,0,0.0,1
2026-08-12T10:59:33.760051,9.1099,0.367345,0.404488,0.385917,0.388645,OPEN,0,0.0,1
2026-08-12T10:59:33.793339,9.1443,0.363878,0.402223,0.383051,0.386687,OPEN,0,0.0,1
2026-08-12T10:59:33.812470,9.1637,0.365385,0.401851,0.383618,0.385613,OPEN,0,0.0,1
2026-08-12T10:59:33.847567,9.1973,0.367909,0.402411,0.38516,0.385454,OPEN,0,0.0,1
2026-08-12T10:59:33.878426,9.2249,0.362429,0.402359,0.382394,0.384383,OPEN,0,0.0,1
2026-08-12T10:59:33.912439,9.2596,0.357631,0.40839,0.383011,0.383903,OPEN,0,0.0,1
2026-08-12T10:59:33.929319,9.2799,0.358001,0.404928,0.381465,0.383049,OPEN,0,0.0,1
2026-08-12T10:59:33.950330,9.3017,0.359187,0.405383,0.382285,0.382782,OPEN,0,0.0,1
2026-08-12T10:59:33.984990,9.3322,0.363691,0.408903,0.386297,0.384012,OPEN,0,0.0,1
2026-08-12T10:59:34.014704,9.3656,0.367387,0.412254,0.389821,0.386045,OPEN,0,0.0,1
2026-08-12T10:59:34.043068,9.3947,0.37026,0.41773,0.393995,0.388827,OPEN,0,0.0,1
2026-08-12T10:59:34.094522,9.4439,0.369078,0.413746,0.391412,0.389732,OPEN,0,0.0,1
2026-08-12T10:59:34.126408,9.4753,0.379145,0.415312,0.397229,0.392356,OPEN,0,0.0,1
2026-08-12T10:59:34.162401,9.5123,0.374639,0.41308,0.393859,0.392882,OPEN,0,0.0,1
2026-08-12T10:59:34.189292,9.5398,0.377687,0.413499,0.395593,0.393831,OPEN,0,0.0,1
2026-08-12T10:59:34.224982,9.5739,0.377147,0.41403,0.395589,0.394446,OPEN,0,0.0,1
2026-08-12T10:59:34.258950,9.609,0.381128,0.415894,0.398511,0.395869,OPEN,0,0.0,1
2026-08-12T10:59:34.293562,9.6422,0.379712,0.413232,0.396472,0.39608,OPEN,0,0.0,1
2026-08-12T10:59:34.325826,9.6753,0.378862,0.414255,0.396559,0.396248,OPEN,0,0.0,1
2026-08-12T10:59:34.362877,9.7106,0.376543,0.413436,0.394989,0.395807,OPEN,0,0.0,1
2026-08-12T10:59:34.397149,9.747,0.381546,0.417334,0.39944,0.397079,OPEN,0,0.0,1
2026-08-12T10:59:34.413561,9.7642,0.382685,0.418421,0.400553,0.398295,OPEN,0,0.0,1
2026-08-12T10:59:34.446346,9.7961,0.36665,0.407807,0.387228,0.394422,OPEN,0,0.0,1
2026-08-12T10:59:34.478900,9.8278,0.355402,0.403916,0.379659,0.389255,OPEN,0,0.0,1
2026-08-12T10:59:34.524968,9.8753,0.333938,0.373918,0.353928,0.37689,OPEN,0,0.0,1
2026-08-12T10:59:34.557733,9.9069,0.320696,0.358921,0.339808,0.363912,OPEN,0,0.0,1
2026-08-12T10:59:34.592579,9.9427,0.321854,0.355334,0.338594,0.35505,OPEN,0,0.0,1
2026-08-12T10:59:34.627629,9.9768,0.316619,0.345205,0.330912,0.346602,OPEN,0,0.0,1
2026-08-12T10:59:34.654136,10.0031,0.325977,0.352618,0.339297,0.344045,OPEN,0,0.0,1
2026-08-12T10:59:34.686682,10.0356,0.321348,0.351363,0.336356,0.341354,OPEN,0,0.0,1
2026-08-12T10:59:34.716371,10.0668,0.320356,0.352665,0.33651,0.339659,OPEN,0,0.0,1
2026-08-12T10:59:34.754045,10.0991,0.327438,0.356469,0.341953,0.340462,OPEN,0,0.0,1
2026-08-12T10:59:34.783658,10.1326,0.322066,0.351174,0.33662,0.339117,OPEN,0,0.0,1
2026-08-12T10:59:34.817621,10.1668,0.321232,0.354674,0.337953,0.33871,OPEN,0,0.0,1
2026-08-12T10:59:34.848022,10.1958,0.329934,0.36058,0.345257,0.341001,OPEN,0,0.0,1
2026-08-12T10:59:34.882091,10.2282,0.324878,0.359215,0.342047,0.341367,OPEN,0,0.0,1
2026-08-12T10:59:34.921197,10.2592,0.32116,0.356187,0.338674,0.340424,OPEN,0,0.0,1
2026-08-12T10:59:34.959360,10.3077,0.319499,0.354206,0.336853,0.339174,OPEN,0,0.0,1
2026-08-12T10:59:34.992444,10.3399,0.317633,0.353441,0.335537,0.337901,OPEN,0,0.0,1
2026-08-12T10:59:35.030797,10.378,0.311263,0.354034,0.332649,0.336063,OPEN,0,0.0,1
2026-08-12T10:59:35.051878,10.404,0.308681,0.35028,0.329481,0.333759,OPEN,0,0.0,1
2026-08-12T10:59:35.089799,10.436,0.30573,0.343924,0.324827,0.330633,OPEN,0,0.0,1
2026-08-12T10:59:35.118964,10.4684,0.303751,0.341881,0.322816,0.327897,OPEN,0,0.0,1
2026-08-12T10:59:35.148845,10.4993,0.303599,0.344741,0.32417,0.326593,OPEN,0,0.0,1
2026-08-12T10:59:35.181739,10.5321,0.301024,0.343825,0.322425,0.325134,OPEN,0,0.0,1
2026-08-12T10:59:35.213169,10.5641,0.287925,0.33494,0.311433,0.320338,OPEN,0,0.0,1
2026-08-12T10:59:35.250374,10.6004,0.292676,0.334844,0.31376,0.318036,OPEN,0,0.0,1
2026-08-12T10:59:35.279457,10.6278,0.292092,0.332264,0.312178,0.315985,OPEN,0,0.0,1
2026-08-12T10:59:35.313608,10.6602,0.293901,0.327426,0.310663,0.314123,OPEN,0,0.0,1
2026-08-12T10:59:35.346928,10.6933,0.300475,0.336816,0.318645,0.315706,OPEN,0,0.0,1
2026-08-12T10:59:35.394632,10.742,0.306793,0.336479,0.321636,0.317781,OPEN,0,0.0,1
2026-08-12T10:59:35.429846,10.7758,0.310433,0.353835,0.332134,0.322805,OPEN,0,0.0,1
2026-08-12T10:59:35.459362,10.8066,0.320701,0.352699,0.3367,0.327668,OPEN,0,0.0,1
2026-08-12T10:59:35.506815,10.8528,0.33579,0.353194,0.344492,0.333556,OPEN,0,0.0,1
2026-08-12T10:59:35.599654,10.8856,0.328294,0.331781,0.330037,0.332325,OPEN,0,0.0,1
2026-08-12T10:59:35.652289,10.9775,0.334489,0.333553,0.334021,0.332918,OPEN,0,0.0,1
2026-08-12T10:59:35.703433,11.0255,0.325256,0.3273,0.326278,0.330594,OPEN,0,0.0,1
2026-08-12T10:59:35.752375,11.0768,0.313966,0.329933,0.32195,0.327569,OPEN,0,0.0,1
2026-08-12T10:59:35.787872,11.1218,0.319034,0.32253,0.320782,0.325193,OPEN,0,0.0,1
2026-08-12T10:59:35.825487,11.1593,0.317437,0.334573,0.326005,0.325477,OPEN,0,0.0,1
2026-08-12T10:59:35.869878,11.2021,0.316551,0.341866,0.329209,0.326783,OPEN,0,0.0,1
2026-08-12T10:59:35.915956,11.2477,0.301155,0.344603,0.322879,0.325417,OPEN,0,0.0,1
2026-08-12T10:59:35.954178,11.2926,0.287827,0.339495,0.313661,0.321302,OPEN,0,0.0,1
2026-08-12T10:59:35.989928,11.3313,0.28998,0.340485,0.315232,0.319178,OPEN,0,0.0,1
2026-08-12T10:59:36.019370,11.3632,0.30104,0.341053,0.321047,0.319832,OPEN,0,0.0,1
2026-08-12T10:59:36.052709,11.3948,0.304553,0.3425,0.323527,0.321125,OPEN,0,0.0,1
2026-08-12T10:59:36.085754,11.4274,0.303735,0.337127,0.320431,0.320882,OPEN,0,0.0,1
2026-08-12T10:59:36.134132,11.4767,0.301886,0.335847,0.318866,0.320177,OPEN,0,0.0,1
2026-08-12T10:59:36.168431,11.5077,0.304743,0.338811,0.321777,0.320737,OPEN,0,0.0,1
2026-08-12T10:59:36.196395,11.5392,0.305497,0.339438,0.322467,0.321342,OPEN,0,0.0,1
2026-08-12T10:59:36.226334,11.5704,0.301995,0.339397,0.320696,0.321116,OPEN,0,0.0,1
2026-08-12T10:59:36.258467,11.6022,0.302219,0.341526,0.321873,0.321381,OPEN,0,0.0,1
2026-08-12T10:59:36.292218,11.6342,0.304055,0.33915,0.321602,0.321458,OPEN,0,0.0,1
2026-08-12T10:59:36.324564,11.6685,0.303767,0.341011,0.322389,0.321784,OPEN,0,0.0,1
2026-08-12T10:59:36.354079,11.6976,0.299384,0.332318,0.315851,0.319707,OPEN,0,0.0,1
2026-08-12T10:59:36.386967,11.7299,0.304209,0.330895,0.317552,0.318953,OPEN,0,0.0,1
2026-08-12T10:59:36.416573,11.7608,0.305957,0.330899,0.318428,0.318769,OPEN,0,0.0,1
2026-08-12T10:59:36.450996,11.7935,0.309817,0.343839,0.326828,0.32159,OPEN,0,0.0,1
2026-08-12T10:59:36.481485,11.8246,0.306499,0.33972,0.323109,0.322122,OPEN,0,0.0,1
2026-08-12T10:59:36.514883,11.8564,0.307994,0.33762,0.322807,0.322361,OPEN,0,0.0,1
