manual_blink_index,timestamp_seconds
1,6.6394
2,11.361
3,14.2175
4,16.9739
5,19.0301
6,20.3868
7,21.2632
8,22.094
9,23.0188
10,23.9343
11,24.865
12,25.7769
13,26.7601
14,27.7495
15,28.8141
16,29.8866
17,30.9773
18,32.015
19,32.9855
20,34.0313
21,35.1074
22,36.1591
23,37.1634
24,38.0616
25,39.0235
26,40.0934
27,41.0232
28,43.4516
29,47.6296
30,48.8944
31,49.9048
32,50.9554
33,51.9681
34,53.024
35,53.9718
36,55.1296
37,56.2228
38,57.2474
39,58.3449
40,59.263
41,60.2249
42,61.2306
43,62.2596
44,63.2327
45,64.2581
46,65.2585
47,66.2234
48,67.1029
49,68.0298
50,68.9244
