timestamp,elapsed,face_detected,left_ear,right_ear,average_ear,smoothed_ear,closing_threshold,opening_threshold,eye_state,closure_duration,blink_event,blink_count
0.0035,0.0035,1,0.27614,0.29075,0.28344,0.28344,0.23791,0.27989,OPEN,,0,0
0.1083,0.1083,1,0.32341,0.30556,0.31449,0.29897,0.23791,0.27989,OPEN,,0,0
0.2353,0.2353,1,0.33289,0.31554,0.32422,0.31449,0.23791,0.27989,OPEN,,0,0
0.3639,0.3639,1,0.33828,0.3187,0.32849,0.32422,0.23791,0.27989,OPEN,,0,0
0.4761,0.4761,1,0.34936,0.32709,0.33822,0.32849,0.23791,0.27989,OPEN,,0,0
0.6061,0.6061,1,0.36493,0.3411,0.35301,0.33822,0.23791,0.27989,OPEN,,0,0
0.733,0.733,1,0.34483,0.32723,0.33603,0.33822,0.23791,0.27989,OPEN,,0,0
0.8464,0.8464,1,0.36728,0.35415,0.36072,0.35301,0.23791,0.27989,OPEN,,0,0
0.9711,0.9711,1,0.3748,0.36329,0.36905,0.36072,0.23791,0.27989,OPEN,,0,0
1.101,1.101,1,0.38068,0.37416,0.37742,0.36905,0.23791,0.27989,OPEN,,0,0
1.2432,1.2432,1,0.37955,0.37602,0.37778,0.37742,0.23791,0.27989,OPEN,,0,0
1.3696,1.3696,1,0.37959,0.37435,0.37697,0.37742,0.23791,0.27989,OPEN,,0,0
1.4982,1.4982,1,0.37503,0.37214,0.37359,0.37697,0.23791,0.27989,OPEN,,0,0
1.6097,1.6097,1,0.3818,0.37771,0.37976,0.37697,0.23791,0.27989,OPEN,,0,0
1.7667,1.7667,1,0.37371,0.36027,0.36699,0.37359,0.23791,0.27989,OPEN,,0,0
1.8688,1.8688,1,0.37104,0.35751,0.36428,0.36699,0.23791,0.27989,OPEN,,0,0
1.9855,1.9855,1,0.37201,0.36518,0.3686,0.36699,0.23791,0.27989,OPEN,,0,0
2.1227,2.1227,1,0.37003,0.36235,0.36619,0.36619,0.23791,0.27989,OPEN,,0,0
2.2688,2.2688,1,0.37427,0.36904,0.37165,0.3686,0.23791,0.27989,OPEN,,0,0
2.3978,2.3978,1,0.29718,0.26804,0.28261,0.36619,0.23791,0.27989,OPEN,,0,0
2.5561,2.5561,1,0.37539,0.36674,0.37106,0.37106,0.23791,0.27989,OPEN,,0,0
2.6694,2.6694,1,0.39381,0.39951,0.39666,0.37106,0.23791,0.27989,OPEN,,0,0
2.7958,2.7958,1,0.41073,0.42615,0.41844,0.39666,0.23791,0.27989,OPEN,,0,0
2.9536,2.9536,1,0.41939,0.4279,0.42365,0.41844,0.23791,0.27989,OPEN,,0,0
3.0557,3.0557,1,0.41929,0.43069,0.42499,0.42365,0.23791,0.27989,OPEN,,0,0
3.1638,3.1638,1,0.41951,0.4336,0.42656,0.42499,0.23791,0.27989,OPEN,,0,0
3.2998,3.2998,1,0.42488,0.43768,0.43128,0.42656,0.23791,0.27989,OPEN,,0,0
3.4197,3.4197,1,0.44525,0.45349,0.44937,0.43128,0.23791,0.27989,OPEN,,0,0
3.5328,3.5328,1,0.44786,0.45873,0.45329,0.44937,0.23791,0.27989,OPEN,,0,0
3.6611,3.6611,1,0.43614,0.45847,0.4473,0.44937,0.23791,0.27989,OPEN,,0,0
3.7875,3.7875,1,0.07904,0.05231,0.06568,,0.23791,0.27989,OPEN,,0,0
3.9044,3.9044,1,0.23086,0.26914,0.25,0.4473,0.23791,0.27989,OPEN,,0,0
4.0284,4.0284,1,0.3484,0.37312,0.36076,0.36076,0.23791,0.27989,OPEN,,0,0
4.1884,4.1884,1,0.38001,0.39871,0.38936,0.36076,0.23791,0.27989,OPEN,,0,0
4.316,4.316,1,0.39052,0.40701,0.39877,0.38936,0.23791,0.27989,OPEN,,0,0
4.4281,4.4281,1,0.39411,0.40207,0.39809,0.39809,0.23791,0.27989,OPEN,,0,0
4.5576,4.5576,1,0.40098,0.40704,0.40401,0.39877,0.23791,0.27989,OPEN,,0,0
4.6836,4.6836,1,0.3999,0.40633,0.40312,0.40312,0.23791,0.27989,OPEN,,0,0
4.8019,4.8019,1,0.4029,0.41397,0.40843,0.40401,0.23791,0.27989,OPEN,,0,0
4.9565,4.9565,1,0.41563,0.42722,0.42142,0.40843,0.23791,0.27989,OPEN,,0,0
5.0843,5.0843,1,0.19493,0.16767,0.1813,0.40843,0.23791,0.27989,OPEN,,0,0
5.1855,5.1855,1,0.06278,0.01678,0.03978,,0.23791,0.27989,OPEN,,0,0
5.2898,5.2898,1,0.1306,0.07285,0.10172,0.1813,0.23791,0.27989,CLOSING,,0,0
5.4216,5.4216,1,0.32104,0.35321,0.33713,0.1813,0.23791,0.27989,CLOSED,0.13184,0,0
5.5474,5.5474,1,0.3823,0.40064,0.39147,0.33713,0.23791,0.27989,OPENING,0.25756,0,0
5.6679,5.6679,1,0.40096,0.41441,0.40768,0.39147,0.23791,0.27989,OPEN,0.37808,1,1
5.7883,5.7883,1,0.39366,0.40555,0.39961,0.39961,0.23791,0.27989,OPEN,,0,1
5.8908,5.8908,1,0.39583,0.40874,0.40229,0.40229,0.23791,0.27989,OPEN,,0,1
6.0128,6.0128,1,0.3952,0.40668,0.40094,0.40094,0.23791,0.27989,OPEN,,0,1
6.124,6.124,1,0.40168,0.41453,0.40811,0.40229,0.23791,0.27989,OPEN,,0,1
6.2513,6.2513,1,0.40385,0.41606,0.40996,0.40811,0.23791,0.27989,OPEN,,0,1
6.3798,6.3798,1,0.40609,0.41623,0.41116,0.40996,0.23791,0.27989,OPEN,,0,1
6.4915,6.4915,1,0.40399,0.41684,0.41041,0.41041,0.23791,0.27989,OPEN,,0,1
6.6192,6.6192,1,0.40516,0.41809,0.41163,0.41116,0.23791,0.27989,OPEN,,0,1
6.7534,6.7534,1,0.40529,0.41794,0.41161,0.41161,0.23791,0.27989,OPEN,,0,1
6.861,6.861,1,0.4036,0.41675,0.41018,0.41161,0.23791,0.27989,OPEN,,0,1
6.9658,6.9658,1,0.40379,0.41449,0.40914,0.41018,0.23791,0.27989,OPEN,,0,1
7.0843,7.0843,1,0.40825,0.41459,0.41142,0.41018,0.23791,0.27989,OPEN,,0,1
7.186,7.186,1,0.40431,0.40922,0.40676,0.40914,0.23791,0.27989,OPEN,,0,1
7.2955,7.2955,1,0.40236,0.41116,0.40676,0.40676,0.23791,0.27989,OPEN,,0,1
7.4195,7.4195,1,0.39903,0.40547,0.40225,0.40676,0.23791,0.27989,OPEN,,0,1
7.5457,7.5457,1,0.39944,0.40582,0.40263,0.40263,0.23791,0.27989,OPEN,,0,1
7.6764,7.6764,1,0.40007,0.40532,0.4027,0.40263,0.23791,0.27989,OPEN,,0,1
7.7873,7.7873,1,0.29934,0.25679,0.27807,0.40263,0.23791,0.27989,OPEN,,0,1
7.9165,7.9165,1,0.21298,0.19928,0.20613,0.27807,0.23791,0.27989,OPEN,,0,1
8.0505,8.0505,1,0.32975,0.34973,0.33974,0.27807,0.23791,0.27989,OPEN,,0,1
8.1896,8.1896,1,0.3796,0.38232,0.38096,0.33974,0.23791,0.27989,OPEN,,0,1
8.3153,8.3153,1,0.38268,0.39177,0.38722,0.38096,0.23791,0.27989,OPEN,,0,1
8.4439,8.4439,1,0.3881,0.39616,0.39213,0.38722,0.23791,0.27989,OPEN,,0,1
8.5723,8.5723,1,0.386,0.3943,0.39015,0.39015,0.23791,0.27989,OPEN,,0,1
8.6891,8.6891,1,0.38077,0.39014,0.38545,0.39015,0.23791,0.27989,OPEN,,0,1
8.8113,8.8113,1,0.38088,0.38798,0.38443,0.38545,0.23791,0.27989,OPEN,,0,1
8.9123,8.9123,1,0.37793,0.38482,0.38138,0.38443,0.23791,0.27989,OPEN,,0,1
9.051,9.051,1,0.37799,0.38907,0.38353,0.38353,0.23791,0.27989,OPEN,,0,1
9.1562,9.1562,1,0.37442,0.38647,0.38045,0.38138,0.23791,0.27989,OPEN,,0,1
9.3215,9.3215,1,0.32989,0.33606,0.33298,0.38045,0.23791,0.27989,OPEN,,0,1
9.4513,9.4513,1,0.32261,0.32789,0.32525,0.33298,0.23791,0.27989,OPEN,,0,1
9.5795,9.5795,1,0.32767,0.33359,0.33063,0.33063,0.23791,0.27989,OPEN,,0,1
9.7077,9.7077,1,0.32776,0.33193,0.32985,0.32985,0.23791,0.27989,OPEN,,0,1
9.8345,9.8345,1,0.32578,0.33075,0.32826,0.32985,0.23791,0.27989,OPEN,,0,1
9.9471,9.9471,1,0.32672,0.33086,0.32879,0.32879,0.23791,0.27989,OPEN,,0,1
10.0744,10.0744,1,0.32459,0.32993,0.32726,0.32826,0.23791,0.27989,OPEN,,0,1
10.2066,10.2066,1,0.34386,0.3552,0.34953,0.32879,0.23791,0.27989,OPEN,,0,1
10.3152,10.3152,1,0.35789,0.37247,0.36518,0.34953,0.23791,0.27989,OPEN,,0,1
10.4427,10.4427,1,0.36479,0.37193,0.36836,0.36518,0.23791,0.27989,OPEN,,0,1
10.5714,10.5714,1,0.36026,0.36658,0.36342,0.36518,0.23791,0.27989,OPEN,,0,1
10.6995,10.6995,1,0.35889,0.3665,0.3627,0.36342,0.23791,0.27989,OPEN,,0,1
10.8112,10.8112,1,0.36336,0.36966,0.36651,0.36342,0.23791,0.27989,OPEN,,0,1
10.9394,10.9394,1,0.35944,0.36923,0.36434,0.36434,0.23791,0.27989,OPEN,,0,1
11.0681,11.0681,1,0.35917,0.369,0.36408,0.36434,0.23791,0.27989,OPEN,,0,1
11.1783,11.1783,1,0.35762,0.36944,0.36353,0.36408,0.23791,0.27989,OPEN,,0,1
11.3142,11.3142,1,0.36341,0.37434,0.36888,0.36408,0.23791,0.27989,OPEN,,0,1
11.435,11.435,1,0.35951,0.37092,0.36521,0.36521,0.23791,0.27989,OPEN,,0,1
11.581,11.581,1,0.35675,0.37015,0.36345,0.36521,0.23791,0.27989,OPEN,,0,1
11.7086,11.7086,1,0.35796,0.36963,0.36379,0.36379,0.23791,0.27989,OPEN,,0,1
11.8445,11.8445,1,0.35663,0.3697,0.36316,0.36345,0.23791,0.27989,OPEN,,0,1
11.9637,11.9637,1,0.35942,0.37197,0.3657,0.36379,0.23791,0.27989,OPEN,,0,1
12.0682,12.0682,1,0.35978,0.3714,0.36559,0.36559,0.23791,0.27989,OPEN,,0,1
12.174,12.174,1,0.35839,0.36983,0.36411,0.36559,0.23791,0.27989,OPEN,,0,1
12.2978,12.2978,1,0.3653,0.36935,0.36733,0.36559,0.23791,0.27989,OPEN,,0,1
12.4426,12.4426,1,0.36875,0.37591,0.37233,0.36733,0.23791,0.27989,OPEN,,0,1
12.5713,12.5713,1,0.3916,0.39588,0.39374,0.37233,0.23791,0.27989,OPEN,,0,1
12.6972,12.6972,1,0.39763,0.40279,0.40021,0.39374,0.23791,0.27989,OPEN,,0,1
12.7976,12.7976,1,0.39371,0.39909,0.3964,0.3964,0.23791,0.27989,OPEN,,0,1
12.9092,12.9092,1,0.08952,0.03705,0.06328,,0.23791,0.27989,OPEN,,0,1
13.037,13.037,1,0.13563,0.17665,0.15614,0.3964,0.23791,0.27989,OPEN,,0,1
13.1623,13.1623,1,0.34949,0.35113,0.35031,0.35031,0.23791,0.27989,OPEN,,0,1
13.2748,13.2748,1,0.39423,0.39355,0.39389,0.35031,0.23791,0.27989,OPEN,,0,1
13.4109,13.4109,1,0.41012,0.41226,0.41119,0.39389,0.23791,0.27989,OPEN,,0,1
13.5302,13.5302,1,0.42663,0.43062,0.42862,0.41119,0.23791,0.27989,OPEN,,0,1
13.6619,13.6619,1,0.43358,0.44754,0.44056,0.42862,0.23791,0.27989,OPEN,,0,1
13.7705,13.7705,1,0.43857,0.43933,0.43895,0.43895,0.23791,0.27989,OPEN,,0,1
13.9014,13.9014,1,0.42013,0.4261,0.42312,0.43895,0.23791,0.27989,OPEN,,0,1
14.0266,14.0266,1,0.41888,0.42503,0.42196,0.42312,0.23791,0.27989,OPEN,,0,1
14.1389,14.1389,1,0.41673,0.4231,0.41991,0.42196,0.23791,0.27989,OPEN,,0,1
14.265,14.265,1,0.41113,0.41639,0.41376,0.41991,0.23791,0.27989,OPEN,,0,1
14.3938,14.3938,1,0.23871,0.27557,0.25714,0.41376,0.23791,0.27989,OPEN,,0,1
14.5411,14.5411,1,0.16649,0.16812,0.16731,0.25714,0.23791,0.27989,OPEN,,0,1
14.6682,14.6682,1,0.34127,0.36393,0.3526,0.25714,0.23791,0.27989,OPEN,,0,1
14.7931,14.7931,1,0.39689,0.4153,0.40609,0.3526,0.23791,0.27989,OPEN,,0,1
14.9221,14.9221,1,0.43014,0.45064,0.44039,0.40609,0.23791,0.27989,OPEN,,0,1
15.0341,15.0341,1,0.41655,0.44822,0.43238,0.43238,0.23791,0.27989,OPEN,,0,1
15.1621,15.1621,1,0.41455,0.44848,0.43151,0.43238,0.23791,0.27989,OPEN,,0,1
15.2902,15.2902,1,0.41346,0.44965,0.43156,0.43156,0.23791,0.27989,OPEN,,0,1
15.4055,15.4055,1,0.41426,0.44657,0.43042,0.43151,0.23791,0.27989,OPEN,,0,1
15.53,15.53,1,0.41562,0.44856,0.43209,0.43156,0.23791,0.27989,OPEN,,0,1
15.6317,15.6317,1,0.41348,0.43628,0.42488,0.43042,0.23791,0.27989,OPEN,,0,1
15.7542,15.7542,1,0.13746,0.10155,0.1195,0.42488,0.23791,0.27989,OPEN,,0,1
15.8687,15.8687,1,0.09784,0.03724,0.06754,,0.23791,0.27989,OPEN,,0,1
15.9947,15.9947,1,0.18468,0.19951,0.19209,0.19209,0.23791,0.27989,CLOSING,,0,1
16.1544,16.1544,1,0.37239,0.40047,0.38643,0.19209,0.23791,0.27989,CLOSED,0.15977,0,1
16.2748,16.2748,1,0.38761,0.41538,0.40149,0.38643,0.23791,0.27989,OPENING,0.28011,0,1
16.3998,16.3998,1,0.38539,0.41609,0.40074,0.40074,0.23791,0.27989,OPEN,0.40509,1,2
16.5026,16.5026,1,0.38734,0.4198,0.40357,0.40149,0.23791,0.27989,OPEN,,0,2
16.619,16.619,1,0.39037,0.42439,0.40738,0.40357,0.23791,0.27989,OPEN,,0,2
16.7294,16.7294,1,0.39134,0.42513,0.40823,0.40738,0.23791,0.27989,OPEN,,0,2
16.8601,16.8601,1,0.41424,0.43511,0.42468,0.40823,0.23791,0.27989,OPEN,,0,2
16.9883,16.9883,1,0.44685,0.47271,0.45978,0.42468,0.23791,0.27989,OPEN,,0,2
17.1,17.1,1,0.45173,0.46533,0.45853,0.45853,0.23791,0.27989,OPEN,,0,2
17.2272,17.2272,1,0.42633,0.43935,0.43284,0.45853,0.23791,0.27989,OPEN,,0,2
17.3862,17.3862,1,0.44571,0.471,0.45835,0.45835,0.23791,0.27989,OPEN,,0,2
17.4864,17.4864,1,0.44165,0.45859,0.45012,0.45012,0.23791,0.27989,OPEN,,0,2
17.5954,17.5954,1,0.44568,0.4675,0.45659,0.45659,0.23791,0.27989,OPEN,,0,2
17.7552,17.7552,1,0.23992,0.15879,0.19935,0.45012,0.23791,0.27989,OPEN,,0,2
17.8724,17.8724,1,0.26972,0.26401,0.26686,0.26686,0.23791,0.27989,OPEN,,0,2
17.9985,17.9985,1,0.3449,0.3747,0.3598,0.26686,0.23791,0.27989,OPEN,,0,2
18.1563,18.1563,1,0.34404,0.37504,0.35954,0.35954,0.23791,0.27989,OPEN,,0,2
18.2822,18.2822,1,0.36792,0.4136,0.39076,0.3598,0.23791,0.27989,OPEN,,0,2
18.3963,18.3963,1,0.39558,0.44063,0.4181,0.39076,0.23791,0.27989,OPEN,,0,2
18.5058,18.5058,1,0.41262,0.45415,0.43338,0.4181,0.23791,0.27989,OPEN,,0,2
18.6626,18.6626,1,0.40702,0.44413,0.42558,0.42558,0.23791,0.27989,OPEN,,0,2
18.7644,18.7644,1,0.41774,0.44637,0.43205,0.43205,0.23791,0.27989,OPEN,,0,2
18.8913,18.8913,1,0.4184,0.45486,0.43663,0.43205,0.23791,0.27989,OPEN,,0,2
19.007,19.007,1,0.41838,0.45401,0.43619,0.43619,0.23791,0.27989,OPEN,,0,2
19.1147,19.1147,1,0.42381,0.46147,0.44264,0.43663,0.23791,0.27989,OPEN,,0,2
19.2415,19.2415,1,0.44576,0.47899,0.46237,0.44264,0.23791,0.27989,OPEN,,0,2
19.3578,19.3578,1,0.44889,0.479,0.46395,0.46237,0.23791,0.27989,OPEN,,0,2
19.484,19.484,1,0.158,0.11283,0.13542,0.46237,0.23791,0.27989,OPEN,,0,2
19.611,19.611,1,0.14423,0.15831,0.15127,0.15127,0.23791,0.27989,CLOSING,,0,2
19.742,19.742,1,0.30544,0.35311,0.32928,0.15127,0.23791,0.27989,CLOSED,0.13106,0,2
19.8504,19.8504,1,0.38155,0.42396,0.40276,0.32928,0.23791,0.27989,OPENING,0.23945,0,2
19.9828,19.9828,1,0.41388,0.44624,0.43006,0.40276,0.23791,0.27989,OPEN,0.37179,1,3
20.107,20.107,1,0.42678,0.45108,0.43893,0.43006,0.23791,0.27989,OPEN,,0,3
20.2196,20.2196,1,0.44666,0.46933,0.45799,0.43893,0.23791,0.27989,OPEN,,0,3
20.348,20.348,1,0.44389,0.46982,0.45685,0.45685,0.23791,0.27989,OPEN,,0,3
20.4751,20.4751,1,0.44456,0.47109,0.45782,0.45782,0.23791,0.27989,OPEN,,0,3
20.6075,20.6075,1,0.44602,0.47383,0.45993,0.45782,0.23791,0.27989,OPEN,,0,3
20.715,20.715,1,0.44944,0.47779,0.46361,0.45993,0.23791,0.27989,OPEN,,0,3
20.8475,20.8475,1,0.4636,0.48235,0.47297,0.46361,0.23791,0.27989,OPEN,,0,3
20.9711,20.9711,1,0.14802,0.12644,0.13723,0.46361,0.23791,0.27989,OPEN,,0,3
21.0827,21.0827,1,0.09092,0.0679,0.07941,,0.23791,0.27989,OPEN,,0,3
21.2128,21.2128,1,0.23856,0.27305,0.25581,0.25581,0.23791,0.27989,OPEN,,0,3
21.3394,21.3394,1,0.38193,0.41204,0.39698,0.25581,0.23791,0.27989,OPEN,,0,3
21.486,21.486,1,0.43493,0.45556,0.44524,0.39698,0.23791,0.27989,OPEN,,0,3
21.6113,21.6113,1,0.43267,0.46741,0.45004,0.44524,0.23791,0.27989,OPEN,,0,3
21.7398,21.7398,1,0.43002,0.45991,0.44496,0.44524,0.23791,0.27989,OPEN,,0,3
21.8683,21.8683,1,0.4197,0.45323,0.43646,0.44496,0.23791,0.27989,OPEN,,0,3
21.9778,21.9778,1,0.41989,0.45193,0.43591,0.43646,0.23791,0.27989,OPEN,,0,3
22.1082,22.1082,1,0.43337,0.45937,0.44637,0.43646,0.23791,0.27989,OPEN,,0,3
22.2338,22.2338,1,0.44497,0.47257,0.45877,0.44637,0.23791,0.27989,OPEN,,0,3
22.3499,22.3499,1,0.45455,0.48891,0.47173,0.45877,0.23791,0.27989,OPEN,,0,3
22.4742,22.4742,1,0.11628,0.07924,0.09776,,0.23791,0.27989,OPEN,,0,3
22.5776,22.5776,1,0.21543,0.18644,0.20094,0.45877,0.23791,0.27989,OPEN,,0,3
22.7005,22.7005,1,0.38744,0.42272,0.40508,0.40508,0.23791,0.27989,OPEN,,0,3
22.813,22.813,1,0.43668,0.46307,0.44987,0.40508,0.23791,0.27989,OPEN,,0,3
22.9403,22.9403,1,0.42508,0.45485,0.43996,0.43996,0.23791,0.27989,OPEN,,0,3
23.0673,23.0673,1,0.10769,0.08396,0.09582,,0.23791,0.27989,OPEN,,0,3
23.1795,23.1795,1,0.17293,0.16921,0.17107,0.43996,0.23791,0.27989,OPEN,,0,3
23.3074,23.3074,1,0.35802,0.40067,0.37934,0.37934,0.23791,0.27989,OPEN,,0,3
23.4384,23.4384,1,0.39831,0.45318,0.42574,0.37934,0.23791,0.27989,OPEN,,0,3
23.5627,23.5627,1,0.36551,0.3667,0.36611,0.37934,0.23791,0.27989,OPEN,,0,3
23.6738,23.6738,1,0.12308,0.1162,0.11964,0.36611,0.23791,0.27989,OPEN,,0,3
23.801,23.801,1,0.32051,0.35959,0.34005,0.34005,0.23791,0.27989,OPEN,,0,3
23.9304,23.9304,1,0.41901,0.45293,0.43597,0.34005,0.23791,0.27989,OPEN,,0,3
24.044,24.044,1,0.43069,0.46614,0.44842,0.43597,0.23791,0.27989,OPEN,,0,3
24.1732,24.1732,1,0.1546,0.13975,0.14718,0.43597,0.23791,0.27989,OPEN,,0,3
24.3064,24.3064,1,0.17707,0.15911,0.16809,0.16809,0.23791,0.27989,CLOSING,,0,3
24.4452,24.4452,1,0.41292,0.43341,0.42316,0.16809,0.23791,0.27989,CLOSED,0.13877,0,3
24.57,24.57,1,0.44977,0.47535,0.46256,0.42316,0.23791,0.27989,OPENING,0.26355,0,3
24.6708,24.6708,1,0.14381,0.10732,0.12557,0.42316,0.23791,0.27989,OPEN,0.36439,1,4
24.7948,24.7948,1,0.16707,0.17228,0.16967,0.16967,0.23791,0.27989,CLOSING,,0,4
24.9073,24.9073,1,0.36341,0.38066,0.37204,0.16967,0.23791,0.27989,CLOSED,0.11246,0,4
25.0362,25.0362,1,0.16199,0.16812,0.16505,0.16967,0.23791,0.27989,CLOSED,0.24131,0,4
25.1693,25.1693,1,0.2523,0.28738,0.26984,0.26984,0.23791,0.27989,CLOSED,0.37449,0,4
25.3086,25.3086,1,0.21629,0.21004,0.21317,0.21317,0.23791,0.27989,CLOSED,0.51371,0,4
25.4349,25.4349,1,0.26878,0.28255,0.27566,0.26984,0.23791,0.27989,CLOSED,0.64003,0,4
25.5629,25.5629,1,0.38384,0.41754,0.40069,0.27566,0.23791,0.27989,CLOSED,0.76807,0,4
25.6925,25.6925,1,0.10894,0.10706,0.108,0.27566,0.23791,0.27989,CLOSED,0.89767,0,4
25.806,25.806,1,0.28485,0.3111,0.29797,0.29797,0.23791,0.27989,OPENING,1.01114,0,4
25.9311,25.9311,1,0.40218,0.42974,0.41596,0.29797,0.23791,0.27989,OPEN,1.13625,0,4
26.0613,26.0613,1,0.13614,0.1071,0.12162,0.29797,0.23791,0.27989,OPEN,,0,4
26.1707,26.1707,1,0.22062,0.19679,0.2087,0.2087,0.23791,0.27989,CLOSING,,0,4
26.2994,26.2994,1,0.35496,0.38513,0.37005,0.2087,0.23791,0.27989,CLOSED,0.12868,0,4
26.4274,26.4274,1,0.37906,0.40467,0.39186,0.37005,0.23791,0.27989,OPENING,0.25669,0,4
26.5708,26.5708,1,0.28531,0.29635,0.29083,0.37005,0.23791,0.27989,OPEN,0.40006,1,5
26.6986,26.6986,1,0.33192,0.35802,0.34497,0.34497,0.23791,0.27989,OPEN,,0,5
26.8292,26.8292,1,0.3677,0.40092,0.38431,0.34497,0.23791,0.27989,OPEN,,0,5
26.957,26.957,1,0.13802,0.12765,0.13283,0.34497,0.23791,0.27989,OPEN,,0,5
27.0658,27.0658,1,0.2422,0.29279,0.26749,0.26749,0.23791,0.27989,OPEN,,0,5
27.1954,27.1954,1,0.37053,0.40014,0.38534,0.26749,0.23791,0.27989,OPEN,,0,5
27.3558,27.3558,1,0.16683,0.1327,0.14977,0.26749,0.23791,0.27989,OPEN,,0,5
27.4672,27.4672,1,0.26803,0.29073,0.27938,0.27938,0.23791,0.27989,OPEN,,0,5
27.595,27.595,1,0.37349,0.39631,0.3849,0.27938,0.23791,0.27989,OPEN,,0,5
27.7639,27.7639,1,0.39565,0.40656,0.4011,0.3849,0.23791,0.27989,OPEN,,0,5
27.8694,27.8694,1,0.10943,0.09125,0.10034,0.3849,0.23791,0.27989,OPEN,,0,5
27.9948,27.9948,1,0.17611,0.19276,0.18444,0.18444,0.23791,0.27989,CLOSING,,0,5
28.1241,28.1241,1,0.33744,0.34994,0.34369,0.18444,0.23791,0.27989,CLOSED,0.12925,0,5
28.2678,28.2678,1,0.12205,0.0957,0.10887,0.18444,0.23791,0.27989,CLOSED,0.27297,0,5
28.3942,28.3942,1,0.21436,0.22073,0.21755,0.21755,0.23791,0.27989,CLOSED,0.39935,0,5
28.5238,28.5238,1,0.34659,0.35988,0.35324,0.21755,0.23791,0.27989,CLOSED,0.52893,0,5
28.6304,28.6304,1,0.3748,0.39693,0.38587,0.35324,0.23791,0.27989,OPENING,0.6356,0,5
28.7627,28.7627,1,0.13244,0.08549,0.10896,0.35324,0.23791,0.27989,OPEN,0.76787,1,6
28.8649,28.8649,1,0.2577,0.29047,0.27408,0.27408,0.23791,0.27989,OPEN,,0,6
28.9877,28.9877,1,0.37112,0.40236,0.38674,0.27408,0.23791,0.27989,OPEN,,0,6
29.0946,29.0946,1,0.17531,0.16143,0.16837,0.27408,0.23791,0.27989,OPEN,,0,6
29.1963,29.1963,1,0.21009,0.20318,0.20664,0.20664,0.23791,0.27989,CLOSING,,0,6
29.299,29.299,1,0.29857,0.3311,0.31483,0.20664,0.23791,0.27989,CLOSED,0.10263,0,6
29.4203,29.4203,1,0.14253,0.10332,0.12293,0.20664,0.23791,0.27989,CLOSED,0.22396,0,6
29.5301,29.5301,1,0.27283,0.30611,0.28947,0.28947,0.23791,0.27989,OPENING,0.33376,0,6
29.6615,29.6615,1,0.14485,0.15398,0.14941,0.14941,0.23791,0.27989,CLOSED,0.46514,0,6
29.7882,29.7882,1,0.26187,0.29351,0.27769,0.27769,0.23791,0.27989,CLOSED,0.59187,0,6
29.8974,29.8974,1,0.32612,0.35845,0.34228,0.27769,0.23791,0.27989,CLOSED,0.70109,0,6
30.0297,30.0297,1,0.31388,0.29842,0.30615,0.30615,0.23791,0.27989,OPENING,0.83335,0,6
30.1888,30.1888,1,0.37305,0.38213,0.37759,0.34228,0.23791,0.27989,OPEN,0.9925,0,6
30.3167,30.3167,1,0.19635,0.16801,0.18218,0.30615,0.23791,0.27989,OPEN,,0,6
30.4294,30.4294,1,0.19607,0.20315,0.19961,0.19961,0.23791,0.27989,CLOSING,,0,6
30.5897,30.5897,1,0.32413,0.35964,0.34189,0.19961,0.23791,0.27989,CLOSED,0.16026,0,6
30.716,30.716,1,0.33758,0.37139,0.35449,0.34189,0.23791,0.27989,OPENING,0.28658,0,6
30.8299,30.8299,1,0.19878,0.16303,0.18091,0.34189,0.23791,0.27989,OPEN,0.40047,1,7
30.957,30.957,1,0.1599,0.13417,0.14704,0.18091,0.23791,0.27989,CLOSING,,0,7
31.0844,31.0844,1,0.24328,0.2603,0.25179,0.18091,0.23791,0.27989,CLOSED,0.12741,0,7
31.1965,31.1965,1,0.2882,0.3153,0.30175,0.25179,0.23791,0.27989,CLOSED,0.23952,0,7
31.3561,31.3561,1,0.31331,0.33789,0.3256,0.30175,0.23791,0.27989,OPENING,0.39911,0,7
31.4833,31.4833,1,0.33209,0.35551,0.3438,0.3256,0.23791,0.27989,OPEN,0.5263,1,8
31.5969,31.5969,1,0.34872,0.37509,0.36191,0.3438,0.23791,0.27989,OPEN,,0,8
31.7563,31.7563,1,0.35083,0.37301,0.36192,0.36191,0.23791,0.27989,OPEN,,0,8
31.8828,31.8828,1,0.21252,0.16946,0.19099,0.36191,0.23791,0.27989,OPEN,,0,8
32.0116,32.0116,1,0.23722,0.2544,0.24581,0.24581,0.23791,0.27989,OPEN,,0,8
32.156,32.156,1,0.30586,0.31502,0.31044,0.24581,0.23791,0.27989,OPEN,,0,8
32.2845,32.2845,1,0.34345,0.36478,0.35412,0.31044,0.23791,0.27989,OPEN,,0,8
32.4115,32.4115,1,0.3756,0.39805,0.38682,0.35412,0.23791,0.27989,OPEN,,0,8
32.5558,32.5558,1,0.38399,0.40075,0.39237,0.38682,0.23791,0.27989,OPEN,,0,8
32.6832,32.6832,1,0.13614,0.09309,0.11462,0.38682,0.23791,0.27989,OPEN,,0,8
32.8138,32.8138,1,0.19042,0.15167,0.17105,0.17105,0.23791,0.27989,CLOSING,,0,8
32.9577,32.9577,1,0.2981,0.29696,0.29753,0.17105,0.23791,0.27989,CLOSED,0.14394,0,8
33.0851,33.0851,1,0.34026,0.34275,0.34151,0.29753,0.23791,0.27989,OPENING,0.27129,0,8
33.1861,33.1861,1,0.34673,0.34506,0.34589,0.34151,0.23791,0.27989,OPEN,0.37234,1,9
33.2962,33.2962,1,0.34955,0.35276,0.35115,0.34589,0.23791,0.27989,OPEN,,0,9
33.4193,33.4193,1,0.35223,0.35757,0.3549,0.35115,0.23791,0.27989,OPEN,,0,9
33.5494,33.5494,1,0.35318,0.36229,0.35773,0.3549,0.23791,0.27989,OPEN,,0,9
33.6763,33.6763,1,0.35994,0.36834,0.36414,0.35773,0.23791,0.27989,OPEN,,0,9
33.7896,33.7896,1,0.36267,0.37579,0.36923,0.36414,0.23791,0.27989,OPEN,,0,9
33.9162,33.9162,1,0.36688,0.37964,0.37326,0.36923,0.23791,0.27989,OPEN,,0,9
34.0509,34.0509,1,0.13847,0.13063,0.13455,0.36923,0.23791,0.27989,OPEN,,0,9
34.172,34.172,1,0.20757,0.1533,0.18043,0.18043,0.23791,0.27989,CLOSING,,0,9
34.2843,34.2843,1,0.27729,0.28142,0.27936,0.18043,0.23791,0.27989,CLOSED,0.11232,0,9
34.4107,34.4107,1,0.30287,0.31995,0.31141,0.27936,0.23791,0.27989,CLOSED,0.23869,0,9
34.54,34.54,1,0.32148,0.33609,0.32878,0.31141,0.23791,0.27989,OPENING,0.36798,0,9
34.6512,34.6512,1,0.32488,0.33811,0.3315,0.32878,0.23791,0.27989,OPEN,0.47914,1,10
34.7812,34.7812,1,0.32667,0.34502,0.33584,0.3315,0.23791,0.27989,OPEN,,0,10
34.9079,34.9079,1,0.34254,0.35875,0.35065,0.33584,0.23791,0.27989,OPEN,,0,10
35.0527,35.0527,1,0.34553,0.36126,0.3534,0.35065,0.23791,0.27989,OPEN,,0,10
35.1796,35.1796,1,0.34253,0.35248,0.34751,0.35065,0.23791,0.27989,OPEN,,0,10
35.3061,35.3061,1,0.09685,0.07085,0.08385,,0.23791,0.27989,OPEN,,0,10
35.4174,35.4174,1,0.1129,0.1095,0.1112,0.34751,0.23791,0.27989,OPEN,,0,10
35.5503,35.5503,1,0.30494,0.33186,0.3184,0.3184,0.23791,0.27989,OPEN,,0,10
35.6742,35.6742,1,0.34763,0.3655,0.35657,0.3184,0.23791,0.27989,OPEN,,0,10
35.7746,35.7746,1,0.35445,0.36986,0.36215,0.35657,0.23791,0.27989,OPEN,,0,10
35.9146,35.9146,1,0.36877,0.38313,0.37595,0.36215,0.23791,0.27989,OPEN,,0,10
36.0433,36.0433,1,0.36638,0.3827,0.37454,0.37454,0.23791,0.27989,OPEN,,0,10
36.1707,36.1707,1,0.36853,0.38199,0.37526,0.37526,0.23791,0.27989,OPEN,,0,10
36.3148,36.3148,1,0.37304,0.38935,0.3812,0.37526,0.23791,0.27989,OPEN,,0,10
36.444,36.444,1,0.43646,0.44809,0.44227,0.3812,0.23791,0.27989,OPEN,,0,10
36.5709,36.5709,1,0.45767,0.47884,0.46826,0.44227,0.23791,0.27989,OPEN,,0,10
36.6993,36.6993,1,0.45895,0.47916,0.46906,0.46826,0.23791,0.27989,OPEN,,0,10
36.8109,36.8109,1,0.33176,0.353,0.34238,0.46826,0.23791,0.27989,OPEN,,0,10
36.9403,36.9403,1,0.12954,0.11905,0.1243,0.34238,0.23791,0.27989,OPEN,,0,10
37.0716,37.0716,1,0.09591,0.0564,0.07616,,0.23791,0.27989,OPEN,,0,10
37.1789,37.1789,1,0.06903,0.0304,0.04972,,0.23791,0.27989,OPEN,,0,10
37.3079,37.3079,1,0.0908,0.05074,0.07077,,0.23791,0.27989,OPEN,,0,10
37.4344,37.4344,1,0.25154,0.25858,0.25506,0.25506,0.23791,0.27989,OPEN,,0,10
37.563,37.563,1,0.40017,0.42326,0.41171,0.25506,0.23791,0.27989,OPEN,,0,10
37.6751,37.6751,1,0.44291,0.44801,0.44546,0.41171,0.23791,0.27989,OPEN,,0,10
37.8026,37.8026,1,0.44057,0.45894,0.44975,0.44546,0.23791,0.27989,OPEN,,0,10
37.9391,37.9391,1,0.44006,0.45411,0.44709,0.44709,0.23791,0.27989,OPEN,,0,10
38.0437,38.0437,1,0.4389,0.45681,0.44785,0.44785,0.23791,0.27989,OPEN,,0,10
38.1469,38.1469,1,0.43987,0.45958,0.44972,0.44785,0.23791,0.27989,OPEN,,0,10
38.2687,38.2687,1,0.43847,0.4592,0.44884,0.44884,0.23791,0.27989,OPEN,,0,10
38.3695,38.3695,1,0.3082,0.32289,0.31555,0.44884,0.23791,0.27989,OPEN,,0,10
38.476,38.476,1,0.10883,0.06808,0.08846,,0.23791,0.27989,OPEN,,0,10
38.6107,38.6107,1,0.14102,0.15876,0.14989,0.31555,0.23791,0.27989,OPEN,,0,10
38.7312,38.7312,1,0.35401,0.36121,0.35761,0.31555,0.23791,0.27989,OPEN,,0,10
38.8759,38.8759,1,0.37516,0.38382,0.37949,0.35761,0.23791,0.27989,OPEN,,0,10
39.0047,39.0047,1,0.27278,0.26656,0.26967,0.35761,0.23791,0.27989,OPEN,,0,10
39.132,39.132,1,0.25393,0.26344,0.25869,0.26967,0.23791,0.27989,OPEN,,0,10
39.2337,39.2337,1,0.3119,0.33743,0.32467,0.26967,0.23791,0.27989,OPEN,,0,10
39.3403,39.3403,1,0.3564,0.38576,0.37108,0.32467,0.23791,0.27989,OPEN,,0,10
39.4762,39.4762,1,0.37219,0.39607,0.38413,0.37108,0.23791,0.27989,OPEN,,0,10
39.5961,39.5961,1,0.38615,0.40412,0.39514,0.38413,0.23791,0.27989,OPEN,,0,10
39.7067,39.7067,1,0.12653,0.108,0.11726,0.38413,0.23791,0.27989,OPEN,,0,10
39.8348,39.8348,1,0.17583,0.18715,0.18149,0.18149,0.23791,0.27989,CLOSING,,0,10
39.9628,39.9628,1,0.27901,0.29752,0.28826,0.18149,0.23791,0.27989,CLOSED,0.12799,0,10
40.0972,40.0972,1,0.20926,0.21436,0.21181,0.21181,0.23791,0.27989,CLOSED,0.26242,0,10
40.202,40.202,1,0.13967,0.12562,0.13265,0.21181,0.23791,0.27989,CLOSED,0.36713,0,10
40.3386,40.3386,1,0.25042,0.27781,0.26411,0.21181,0.23791,0.27989,CLOSED,0.50373,0,10
40.4603,40.4603,1,0.35549,0.36217,0.35883,0.26411,0.23791,0.27989,CLOSED,0.62551,0,10
40.5711,40.5711,1,0.10304,0.07566,0.08935,,0.23791,0.27989,CLOSED,,0,10
40.7006,40.7006,1,0.09494,0.04321,0.06908,,0.23791,0.27989,CLOSED,,0,10
40.8277,40.8277,1,0.30447,0.32304,0.31375,0.31375,0.23791,0.27989,OPENING,0.99288,0,10
40.9571,40.9571,1,0.37533,0.38834,0.38184,0.35883,0.23791,0.27989,OPEN,1.12229,0,10
41.0674,41.0674,1,0.39467,0.41153,0.4031,0.38184,0.23791,0.27989,OPEN,,0,10
41.2017,41.2017,1,0.39525,0.41852,0.40689,0.4031,0.23791,0.27989,OPEN,,0,10
41.3577,41.3577,1,0.39204,0.40803,0.40003,0.4031,0.23791,0.27989,OPEN,,0,10
41.4677,41.4677,1,0.39253,0.40706,0.39979,0.40003,0.23791,0.27989,OPEN,,0,10
41.5963,41.5963,1,0.38675,0.40202,0.39439,0.39979,0.23791,0.27989,OPEN,,0,10
41.7549,41.7549,1,0.37657,0.39255,0.38456,0.39439,0.23791,0.27989,OPEN,,0,10
41.8672,41.8672,1,0.38055,0.39586,0.38821,0.38821,0.23791,0.27989,OPEN,,0,10
41.9974,41.9974,1,0.37627,0.3885,0.38239,0.38456,0.23791,0.27989,OPEN,,0,10
42.156,42.156,1,0.37326,0.3877,0.38048,0.38239,0.23791,0.27989,OPEN,,0,10
42.2762,42.2762,1,0.37218,0.39015,0.38116,0.38116,0.23791,0.27989,OPEN,,0,10
42.3981,42.3981,1,0.37314,0.38864,0.38089,0.38089,0.23791,0.27989,OPEN,,0,10
42.499,42.499,1,0.37378,0.3894,0.38159,0.38116,0.23791,0.27989,OPEN,,0,10
42.6186,42.6186,1,0.1438,0.13452,0.13916,0.38089,0.23791,0.27989,OPEN,,0,10
42.731,42.731,1,0.06815,0.03491,0.05153,,0.23791,0.27989,OPEN,,0,10
42.8609,42.8609,1,0.27069,0.30188,0.28628,0.28628,0.23791,0.27989,OPEN,,0,10
42.9893,42.9893,1,0.35646,0.37533,0.3659,0.28628,0.23791,0.27989,OPEN,,0,10
43.1003,43.1003,1,0.3682,0.38261,0.3754,0.3659,0.23791,0.27989,OPEN,,0,10
43.2292,43.2292,1,0.3695,0.38718,0.37834,0.3754,0.23791,0.27989,OPEN,,0,10
43.3557,43.3557,1,0.37043,0.38434,0.37738,0.37738,0.23791,0.27989,OPEN,,0,10
43.4701,43.4701,1,0.37436,0.39138,0.38287,0.37834,0.23791,0.27989,OPEN,,0,10
43.597,43.597,1,0.08514,0.07991,0.08253,,0.23791,0.27989,OPEN,,0,10
43.756,43.756,1,0.17871,0.2299,0.20431,0.37738,0.23791,0.27989,OPEN,,0,10
43.8824,43.8824,1,0.32284,0.34637,0.33461,0.33461,0.23791,0.27989,OPEN,,0,10
43.9971,43.9971,1,0.35908,0.3807,0.36989,0.33461,0.23791,0.27989,OPEN,,0,10
44.1541,44.1541,1,0.35807,0.38094,0.3695,0.3695,0.23791,0.27989,OPEN,,0,10
44.2855,44.2855,1,0.09303,0.08993,0.09148,,0.23791,0.27989,OPEN,,0,10
44.3956,44.3956,1,0.08473,0.13861,0.11167,0.3695,0.23791,0.27989,OPEN,,0,10
44.5563,44.5563,1,0.26411,0.30642,0.28527,0.28527,0.23791,0.27989,OPEN,,0,10
44.6594,44.6594,1,0.31323,0.33687,0.32505,0.28527,0.23791,0.27989,OPEN,,0,10
44.7666,44.7666,1,0.34282,0.35772,0.35027,0.32505,0.23791,0.27989,OPEN,,0,10
44.8914,44.8914,1,0.37542,0.38634,0.38088,0.35027,0.23791,0.27989,OPEN,,0,10
45.0189,45.0189,1,0.13919,0.12638,0.13279,0.35027,0.23791,0.27989,OPEN,,0,10
45.147,45.147,1,0.14265,0.15082,0.14674,0.14674,0.23791,0.27989,CLOSING,,0,10
45.259,45.259,1,0.22856,0.25723,0.2429,0.14674,0.23791,0.27989,CLOSED,0.11195,0,10
45.389,45.389,1,0.33249,0.34985,0.34117,0.2429,0.23791,0.27989,CLOSED,0.24197,0,10
45.5236,45.5236,1,0.3484,0.35806,0.35323,0.34117,0.23791,0.27989,OPENING,0.37659,0,10
45.6597,45.6597,1,0.35071,0.35653,0.35362,0.35323,0.23791,0.27989,OPEN,0.51268,1,11
45.7886,45.7886,1,0.35923,0.3627,0.36097,0.35362,0.23791,0.27989,OPEN,,0,11
45.9155,45.9155,1,0.36429,0.36513,0.36471,0.36097,0.23791,0.27989,OPEN,,0,11
46.031,46.031,1,0.36545,0.36778,0.36662,0.36471,0.23791,0.27989,OPEN,,0,11
46.1872,46.1872,1,0.36385,0.36985,0.36685,0.36662,0.23791,0.27989,OPEN,,0,11
46.3156,46.3156,1,0.15007,0.14229,0.14618,0.36662,0.23791,0.27989,OPEN,,0,11
46.4451,46.4451,1,0.1901,0.17209,0.1811,0.1811,0.23791,0.27989,CLOSING,,0,11
46.5569,46.5569,1,0.23697,0.27245,0.25471,0.1811,0.23791,0.27989,CLOSED,0.11185,0,11
46.6827,46.6827,1,0.2943,0.31969,0.307,0.25471,0.23791,0.27989,CLOSED,0.23766,0,11
46.814,46.814,1,0.30269,0.32522,0.31395,0.307,0.23791,0.27989,OPENING,0.3689,0,11
46.9241,46.9241,1,0.33532,0.34283,0.33908,0.31395,0.23791,0.27989,OPEN,0.47901,1,12
47.0245,47.0245,1,0.34276,0.35371,0.34823,0.33908,0.23791,0.27989,OPEN,,0,12
47.148,47.148,1,0.18584,0.17999,0.18291,0.33908,0.23791,0.27989,OPEN,,0,12
47.2509,47.2509,1,0.0665,0.023,0.04475,,0.23791,0.27989,OPEN,,0,12
47.357,47.357,1,0.19337,0.16919,0.18128,0.18291,0.23791,0.27989,CLOSING,,0,12
47.4577,47.4577,1,0.28271,0.29364,0.28817,0.18291,0.23791,0.27989,CLOSED,0.10066,0,12
47.5806,47.5806,1,0.2962,0.31945,0.30782,0.28817,0.23791,0.27989,OPENING,0.22356,0,12
47.7077,47.7077,1,0.31743,0.33436,0.32589,0.30782,0.23791,0.27989,OPEN,0.35066,1,13
47.8204,47.8204,1,0.32591,0.34024,0.33308,0.32589,0.23791,0.27989,OPEN,,0,13
47.9482,47.9482,1,0.33087,0.34541,0.33814,0.33308,0.23791,0.27989,OPEN,,0,13
48.0758,48.0758,1,0.33226,0.35049,0.34138,0.33814,0.23791,0.27989,OPEN,,0,13
48.1885,48.1885,1,0.34713,0.35051,0.34882,0.34138,0.23791,0.27989,OPEN,,0,13
48.321,48.321,1,0.36378,0.37602,0.3699,0.34882,0.23791,0.27989,OPEN,,0,13
48.4444,48.4444,1,0.38148,0.39402,0.38775,0.3699,0.23791,0.27989,OPEN,,0,13
48.5448,48.5448,1,0.37396,0.3908,0.38238,0.38238,0.23791,0.27989,OPEN,,0,13
48.6522,48.6522,1,0.37943,0.40131,0.39037,0.38775,0.23791,0.27989,OPEN,,0,13
48.7862,48.7862,1,0.11994,0.11685,0.1184,0.38238,0.23791,0.27989,OPEN,,0,13
48.9105,48.9105,1,0.17846,0.13502,0.15674,0.15674,0.23791,0.27989,CLOSING,,0,13
49.0501,49.0501,1,0.26478,0.27772,0.27125,0.15674,0.23791,0.27989,CLOSED,0.13958,0,13
49.18,49.18,1,0.30111,0.32378,0.31244,0.27125,0.23791,0.27989,CLOSED,0.26951,0,13
49.3079,49.3079,1,0.33114,0.34356,0.33735,0.31244,0.23791,0.27989,OPENING,0.39739,0,13
49.4087,49.4087,1,0.35194,0.35874,0.35534,0.33735,0.23791,0.27989,OPEN,0.49819,1,14
49.5161,49.5161,1,0.35617,0.36228,0.35922,0.35534,0.23791,0.27989,OPEN,,0,14
49.6483,49.6483,1,0.3581,0.37032,0.36421,0.35922,0.23791,0.27989,OPEN,,0,14
49.7711,49.7711,1,0.36017,0.37019,0.36518,0.36421,0.23791,0.27989,OPEN,,0,14
49.8838,49.8838,1,0.35548,0.36382,0.35965,0.36421,0.23791,0.27989,OPEN,,0,14
50.0118,50.0118,1,0.35637,0.37107,0.36372,0.36372,0.23791,0.27989,OPEN,,0,14
50.1386,50.1386,1,0.34126,0.35122,0.34624,0.35965,0.23791,0.27989,OPEN,,0,14
50.2718,50.2718,1,0.07407,0.04977,0.06192,,0.23791,0.27989,OPEN,,0,14
50.3799,50.3799,1,0.15434,0.11192,0.13313,0.34624,0.23791,0.27989,OPEN,,0,14
50.5122,50.5122,1,0.25936,0.29483,0.27709,0.27709,0.23791,0.27989,OPEN,,0,14
50.6353,50.6353,1,0.30597,0.33501,0.32049,0.27709,0.23791,0.27989,OPEN,,0,14
50.7464,50.7464,1,0.31753,0.33942,0.32847,0.32049,0.23791,0.27989,OPEN,,0,14
50.8769,50.8769,1,0.32512,0.34621,0.33566,0.32847,0.23791,0.27989,OPEN,,0,14
51.0043,51.0043,1,0.32861,0.34877,0.33869,0.33566,0.23791,0.27989,OPEN,,0,14
51.139,51.139,1,0.33323,0.35064,0.34194,0.33869,0.23791,0.27989,OPEN,,0,14
51.2424,51.2424,1,0.33439,0.35289,0.34364,0.34194,0.23791,0.27989,OPEN,,0,14
51.3773,51.3773,1,0.33391,0.34742,0.34067,0.34194,0.23791,0.27989,OPEN,,0,14
51.4986,51.4986,1,0.33964,0.35257,0.34611,0.34364,0.23791,0.27989,OPEN,,0,14
51.612,51.612,1,0.34045,0.35428,0.34736,0.34611,0.23791,0.27989,OPEN,,0,14
51.7406,51.7406,1,0.33687,0.34676,0.34182,0.34611,0.23791,0.27989,OPEN,,0,14
51.8675,51.8675,1,0.33815,0.35027,0.34421,0.34421,0.23791,0.27989,OPEN,,0,14
52.016,52.016,1,0.21176,0.16308,0.18742,0.34182,0.23791,0.27989,OPEN,,0,14
52.1393,52.1393,1,0.06821,0.05072,0.05947,,0.23791,0.27989,OPEN,,0,14
52.241,52.241,1,0.08511,0.05112,0.06811,,0.23791,0.27989,OPEN,,0,14
52.3638,52.3638,1,0.30199,0.31738,0.30968,0.30968,0.23791,0.27989,OPEN,,0,14
52.4758,52.4758,1,0.35487,0.37282,0.36385,0.30968,0.23791,0.27989,OPEN,,0,14
52.6037,52.6037,1,0.37812,0.38899,0.38356,0.36385,0.23791,0.27989,OPEN,,0,14
52.7325,52.7325,1,0.37217,0.38356,0.37786,0.37786,0.23791,0.27989,OPEN,,0,14
52.8812,52.8812,1,0.37633,0.3852,0.38077,0.38077,0.23791,0.27989,OPEN,,0,14
53.0045,53.0045,1,0.3741,0.38388,0.37899,0.37899,0.23791,0.27989,OPEN,,0,14
53.1058,53.1058,1,0.37525,0.38368,0.37947,0.37947,0.23791,0.27989,OPEN,,0,14
53.2278,53.2278,1,0.35944,0.3719,0.36567,0.37899,0.23791,0.27989,OPEN,,0,14
53.3402,53.3402,1,0.35104,0.36206,0.35655,0.36567,0.23791,0.27989,OPEN,,0,14
53.4689,53.4689,1,0.35971,0.38352,0.37161,0.36567,0.23791,0.27989,OPEN,,0,14
53.594,53.594,1,0.35704,0.36639,0.36171,0.36171,0.23791,0.27989,OPEN,,0,14
53.7088,53.7088,1,0.35865,0.36583,0.36224,0.36224,0.23791,0.27989,OPEN,,0,14
53.8364,53.8364,1,0.35585,0.36395,0.3599,0.36171,0.23791,0.27989,OPEN,,0,14
53.9689,53.9689,1,0.36687,0.37484,0.37085,0.36224,0.23791,0.27989,OPEN,,0,14
54.0931,54.0931,1,0.3746,0.3633,0.36895,0.36895,0.23791,0.27989,OPEN,,0,14
54.205,54.205,1,0.38266,0.35759,0.37013,0.37013,0.23791,0.27989,OPEN,,0,14
54.3338,54.3338,1,0.34309,0.31836,0.33073,0.36895,0.23791,0.27989,OPEN,,0,14
54.4603,54.4603,1,0.34097,0.30705,0.32401,0.33073,0.23791,0.27989,OPEN,,0,14
54.5716,54.5716,1,0.29958,0.29652,0.29805,0.32401,0.23791,0.27989,OPEN,,0,14
54.7019,54.7019,1,0.23026,0.19107,0.21067,0.29805,0.23791,0.27989,OPEN,,0,14
54.834,54.834,1,0.26969,0.22385,0.24677,0.24677,0.23791,0.27989,OPEN,,0,14
54.9734,54.9734,1,0.30483,0.26209,0.28346,0.24677,0.23791,0.27989,OPEN,,0,14
55.1014,55.1014,1,0.26065,0.21296,0.2368,0.24677,0.23791,0.27989,OPEN,,0,14
