timestamp,elapsed_seconds,left_ear,right_ear,average_ear,face_detected
2026-08-11T18:40:36.023663,3.2022,0.396903,0.361788,0.379345,1
2026-08-11T18:40:36.166799,3.3453,0.0,0.0,0.0,0
2026-08-11T18:40:36.209480,3.378,0.393414,0.398566,0.39599,1
2026-08-11T18:40:36.266081,3.4445,0.388152,0.398403,0.393278,1
2026-08-11T18:40:36.305041,3.4771,0.38326,0.395636,0.389448,1
2026-08-11T18:40:36.344023,3.5204,0.377865,0.389543,0.383704,1
2026-08-11T18:40:36.379132,3.5557,0.379301,0.384962,0.382132,1
2026-08-11T18:40:36.415274,3.591,0.386969,0.384984,0.385976,1
2026-08-11T18:40:36.443883,3.6249,0.389575,0.385349,0.387462,1
2026-08-11T18:40:36.474033,3.6545,0.398338,0.390438,0.394388,1
2026-08-11T18:40:36.505128,3.685,0.402414,0.397351,0.399882,1
2026-08-11T18:40:36.540408,3.7155,0.413236,0.409877,0.411556,1
2026-08-11T18:40:36.576180,3.7524,0.416236,0.417468,0.416852,1
2026-08-11T18:40:36.613091,3.7875,0.413992,0.411356,0.412674,1
2026-08-11T18:40:36.647578,3.8234,0.413304,0.413109,0.413207,1
2026-08-11T18:40:36.683900,3.8579,0.423664,0.415242,0.419453,1
2026-08-11T18:40:36.719063,3.8946,0.428777,0.422096,0.425436,1
2026-08-11T18:40:36.756600,3.9289,0.423336,0.419446,0.421391,1
2026-08-11T18:40:36.792446,3.9667,0.420191,0.412032,0.416112,1
2026-08-11T18:40:36.826021,4.0035,0.391362,0.362378,0.37687,1
2026-08-11T18:40:36.860614,4.0364,0.38907,0.360368,0.374719,1
2026-08-11T18:40:36.890097,4.0704,0.391478,0.370674,0.381076,1
2026-08-11T18:40:36.921509,4.1011,0.392542,0.375848,0.384195,1
2026-08-11T18:40:36.952086,4.1329,0.400498,0.373558,0.387028,1
2026-08-11T18:40:36.981020,4.1611,0.406309,0.377904,0.392106,1
2026-08-11T18:40:37.015781,4.1915,0.421846,0.400191,0.411019,1
2026-08-11T18:40:37.049068,4.226,0.42733,0.407266,0.417298,1
2026-08-11T18:40:37.102862,4.2793,0.421187,0.40104,0.411114,1
2026-08-11T18:40:37.140023,4.3128,0.424065,0.399563,0.411814,1
2026-08-11T18:40:37.169078,4.3521,0.399403,0.393469,0.396436,1
2026-08-11T18:40:37.200317,4.3802,0.401925,0.391875,0.3969,1
2026-08-11T18:40:37.228470,4.4101,0.425564,0.418745,0.422155,1
2026-08-11T18:40:37.255814,4.4387,0.431636,0.418513,0.425074,1
2026-08-11T18:40:37.281899,4.4661,0.431107,0.418317,0.424712,1
2026-08-11T18:40:37.314703,4.4923,0.434302,0.415229,0.424765,1
2026-08-11T18:40:37.340801,4.5243,0.410588,0.409228,0.409908,1
2026-08-11T18:40:37.368382,4.5511,0.407591,0.4099,0.408745,1
2026-08-11T18:40:37.400439,4.5788,0.395587,0.402926,0.399256,1
2026-08-11T18:40:37.425814,4.6103,0.407817,0.392083,0.39995,1
2026-08-11T18:40:37.474265,4.657,0.363287,0.361508,0.362397,1
2026-08-11T18:40:37.500189,4.6846,0.35959,0.359111,0.35935,1
2026-08-11T18:40:37.553639,4.738,0.436605,0.409182,0.422893,1
2026-08-11T18:40:37.579143,4.7633,0.451148,0.420442,0.435795,1
2026-08-11T18:40:37.613955,4.7897,0.455335,0.426187,0.440761,1
2026-08-11T18:40:37.640934,4.8235,0.369184,0.345828,0.357506,1
2026-08-11T18:40:37.667158,4.8513,0.395866,0.336733,0.3663,1
2026-08-11T18:40:37.702679,4.8778,0.316154,0.277655,0.296905,1
2026-08-11T18:40:37.729461,4.9134,0.321182,0.288325,0.304753,1
2026-08-11T18:40:37.754907,4.9435,0.0,0.0,0.0,0
2026-08-11T18:40:37.789846,4.9669,0.346583,0.268108,0.307345,1
2026-08-11T18:40:37.828178,5.0116,0.310088,0.337746,0.323917,1
2026-08-11T18:40:37.853916,5.0378,0.378361,0.344452,0.361406,1
2026-08-11T18:40:37.883544,5.0714,0.0,0.0,0.0,0
2026-08-11T18:40:37.915034,5.0943,0.391393,0.337946,0.364669,1
2026-08-11T18:40:37.968795,5.1525,0.41912,0.390877,0.404999,1
2026-08-11T18:40:37.997548,5.1796,0.391766,0.36027,0.376018,1
2026-08-11T18:40:38.037188,5.2203,0.391466,0.397178,0.394322,1
2026-08-11T18:40:38.063198,5.2469,0.395414,0.390616,0.393015,1
2026-08-11T18:40:38.094413,5.2781,0.418206,0.41193,0.415068,1
2026-08-11T18:40:38.121521,5.305,0.43413,0.419858,0.426994,1
2026-08-11T18:40:38.177285,5.3609,0.399626,0.379589,0.389608,1
2026-08-11T18:40:38.204107,5.388,0.399358,0.382852,0.391105,1
2026-08-11T18:40:38.243554,5.4273,0.36923,0.36356,0.366395,1
2026-08-11T18:40:38.270358,5.4537,0.397822,0.379737,0.38878,1
2026-08-11T18:40:38.302521,5.4864,0.415038,0.364199,0.389619,1
2026-08-11T18:40:38.327757,5.5123,0.393618,0.350857,0.372238,1
2026-08-11T18:40:38.380003,5.5643,0.421016,0.397219,0.409118,1
2026-08-11T18:40:38.405988,5.5888,0.403208,0.396054,0.399631,1
2026-08-11T18:40:38.463681,5.6164,0.403684,0.396969,0.400327,1
2026-08-11T18:40:38.532610,5.7034,0.419446,0.392942,0.406194,1
2026-08-11T18:40:38.561043,5.7418,0.406591,0.377821,0.392206,1
2026-08-11T18:40:38.589739,5.7719,0.421726,0.387882,0.404804,1
2026-08-11T18:40:38.614801,5.7989,0.430386,0.409122,0.419754,1
2026-08-11T18:40:38.642967,5.8249,0.408454,0.405988,0.407221,1
2026-08-11T18:40:38.667976,5.8521,0.414931,0.397877,0.406404,1
2026-08-11T18:40:38.692726,5.8782,0.429907,0.418052,0.42398,1
2026-08-11T18:40:38.724169,5.9036,0.436562,0.415009,0.425785,1
2026-08-11T18:40:38.750344,5.9346,0.42499,0.414798,0.419894,1
2026-08-11T18:40:38.782032,5.9595,0.424524,0.412536,0.41853,1
2026-08-11T18:40:38.807830,5.9923,0.397714,0.398551,0.398133,1
2026-08-11T18:40:38.834720,6.0185,0.392319,0.390736,0.391528,1
2026-08-11T18:40:38.867287,6.0493,0.408816,0.404457,0.406637,1
2026-08-11T18:40:38.897004,6.0769,0.408422,0.401831,0.405126,1
2026-08-11T18:40:38.925149,6.1089,0.417485,0.406966,0.412225,1
2026-08-11T18:40:38.950605,6.1345,0.417349,0.412336,0.414843,1
2026-08-11T18:40:38.976977,6.1609,0.41812,0.414795,0.416457,1
2026-08-11T18:40:39.005961,6.1893,0.4076,0.417496,0.412548,1
2026-08-11T18:40:39.079320,6.2611,0.41948,0.411272,0.415376,1
2026-08-11T18:40:39.106381,6.29,0.421728,0.410371,0.416049,1
2026-08-11T18:40:39.152140,6.3355,0.405875,0.400094,0.402984,1
2026-08-11T18:40:39.178610,6.3617,0.402995,0.396411,0.399703,1
2026-08-11T18:40:39.205108,6.3883,0.402037,0.394956,0.398497,1
2026-08-11T18:40:39.232761,6.4158,0.400391,0.393226,0.396809,1
2026-08-11T18:40:39.261653,6.4431,0.398096,0.398295,0.398195,1
2026-08-11T18:40:39.288129,6.4714,0.395902,0.392228,0.394065,1
2026-08-11T18:40:39.315284,6.4987,0.389142,0.386816,0.387979,1
2026-08-11T18:40:39.357459,6.5412,0.407444,0.392478,0.399961,1
2026-08-11T18:40:39.384198,6.5669,0.413328,0.400136,0.406732,1
2026-08-11T18:40:39.423932,6.6073,0.414787,0.408376,0.411581,1
2026-08-11T18:40:39.450190,6.6335,0.415432,0.410261,0.412846,1
2026-08-11T18:40:39.489152,6.6723,0.400424,0.391149,0.395786,1
2026-08-11T18:40:39.516941,6.6991,0.401128,0.391905,0.396517,1
2026-08-11T18:40:39.568976,6.7528,0.409584,0.390816,0.4002,1
2026-08-11T18:40:39.594526,6.7785,0.407103,0.391051,0.399077,1
2026-08-11T18:40:39.633643,6.8163,0.413109,0.394755,0.403932,1
2026-08-11T18:40:39.662085,6.845,0.410366,0.394655,0.40251,1
2026-08-11T18:40:39.695915,6.88,0.406396,0.391034,0.398715,1
2026-08-11T18:40:39.722467,6.9064,0.401468,0.391156,0.396312,1
2026-08-11T18:40:39.775888,6.9588,0.399285,0.391131,0.395208,1
2026-08-11T18:40:39.802939,6.9863,0.399357,0.390624,0.394991,1
2026-08-11T18:40:39.840892,7.0242,0.39776,0.391539,0.39465,1
2026-08-11T18:40:39.868087,7.0518,0.398124,0.391337,0.39473,1
2026-08-11T18:40:39.908775,7.0916,0.339129,0.359553,0.349341,1
2026-08-11T18:40:39.935129,7.1183,0.294924,0.323798,0.309361,1
2026-08-11T18:40:39.967194,7.1509,0.163771,0.215038,0.189405,1
2026-08-11T18:40:39.994906,7.1767,0.150055,0.183268,0.166661,1
2026-08-11T18:40:40.031608,7.2155,0.223219,0.223823,0.223521,1
2026-08-11T18:40:40.058877,7.2412,0.260088,0.250035,0.255062,1
2026-08-11T18:40:40.117590,7.3011,0.284499,0.279527,0.282013,1
2026-08-11T18:40:40.143991,7.327,0.292271,0.289946,0.291109,1
2026-08-11T18:40:40.171123,7.3551,0.298892,0.296533,0.297712,1
2026-08-11T18:40:40.198832,7.3815,0.338789,0.327618,0.333203,1
2026-08-11T18:40:40.238392,7.4212,0.39183,0.366079,0.378954,1
2026-08-11T18:40:40.266857,7.4495,0.398404,0.378765,0.388584,1
2026-08-11T18:40:40.304556,7.4877,0.414552,0.396977,0.405764,1
2026-08-11T18:40:40.331357,7.5153,0.424324,0.409065,0.416694,1
2026-08-11T18:40:40.369472,7.553,0.422472,0.407898,0.415185,1
2026-08-11T18:40:40.395938,7.5787,0.422001,0.406262,0.414132,1
2026-08-11T18:40:40.432697,7.6162,0.413491,0.403619,0.408555,1
2026-08-11T18:40:40.459873,7.6432,0.410251,0.400873,0.405562,1
2026-08-11T18:40:40.486706,7.6695,0.409045,0.399523,0.404284,1
2026-08-11T18:40:40.513360,7.697,0.407444,0.401435,0.40444,1
2026-08-11T18:40:40.541091,7.7238,0.405206,0.400235,0.402721,1
2026-08-11T18:40:40.576501,7.761,0.406438,0.400396,0.403417,1
2026-08-11T18:40:40.638470,7.823,0.15199,0.180004,0.165997,1
2026-08-11T18:40:40.663876,7.8488,0.123038,0.136567,0.129803,1
2026-08-11T18:40:40.702087,7.8857,0.073056,0.100464,0.08676,1
2026-08-11T18:40:40.726912,7.9125,0.069888,0.088572,0.07923,1
2026-08-11T18:40:40.767712,7.9514,0.147118,0.164701,0.15591,1
2026-08-11T18:40:40.795227,7.9784,0.175621,0.19053,0.183075,1
2026-08-11T18:40:40.835955,8.0189,0.290989,0.309563,0.300276,1
2026-08-11T18:40:40.861888,8.0455,0.318617,0.333652,0.326134,1
2026-08-11T18:40:40.887115,8.0714,0.332522,0.341616,0.337069,1
2026-08-11T18:40:40.915437,8.0977,0.361119,0.34084,0.350979,1
2026-08-11T18:40:40.942285,8.1259,0.368182,0.33849,0.353336,1
2026-08-11T18:40:40.976251,8.1579,0.372174,0.336402,0.354288,1
2026-08-11T18:40:41.039672,8.2226,0.364952,0.338298,0.351625,1
2026-08-11T18:40:41.065340,8.2497,0.363177,0.341862,0.352519,1
2026-08-11T18:40:41.106892,8.2888,0.360584,0.342507,0.351546,1
2026-08-11T18:40:41.133575,8.3171,0.362078,0.345564,0.353821,1
2026-08-11T18:40:41.166610,8.3488,0.365847,0.355911,0.360879,1
2026-08-11T18:40:41.193974,8.377,0.369421,0.365604,0.367512,1
2026-08-11T18:40:41.249628,8.4323,0.365885,0.364452,0.365168,1
2026-08-11T18:40:41.274278,8.459,0.365766,0.363748,0.364757,1
2026-08-11T18:40:41.301538,8.4837,0.366214,0.363818,0.365016,1
2026-08-11T18:40:41.327125,8.5108,0.366013,0.361314,0.363663,1
2026-08-11T18:40:41.354902,8.5379,0.36542,0.359961,0.36269,1
2026-08-11T18:40:41.380797,8.5643,0.229616,0.236966,0.233291,1
2026-08-11T18:40:41.441944,8.624,0.093249,0.105769,0.099509,1
2026-08-11T18:40:41.468274,8.6514,0.074018,0.077191,0.075604,1
2026-08-11T18:40:41.503250,8.6861,0.088681,0.115429,0.102055,1
2026-08-11T18:40:41.530856,8.7129,0.104018,0.121047,0.112533,1
2026-08-11T18:40:41.573951,8.7548,0.267291,0.285316,0.276303,1
2026-08-11T18:40:41.603301,8.7844,0.30917,0.32515,0.31716,1
2026-08-11T18:40:41.630627,8.8144,0.333553,0.346182,0.339868,1
2026-08-11T18:40:41.657971,8.8404,0.337206,0.34012,0.338663,1
2026-08-11T18:40:41.684562,8.8682,0.336002,0.335373,0.335688,1
2026-08-11T18:40:41.711431,8.8945,0.339209,0.345334,0.342271,1
2026-08-11T18:40:41.740038,8.9209,0.342324,0.351428,0.346876,1
2026-08-11T18:40:41.775968,8.9585,0.350961,0.356495,0.353728,1
2026-08-11T18:40:41.851455,9.0326,0.377202,0.371873,0.374537,1
2026-08-11T18:40:41.881708,9.0621,0.384058,0.376053,0.380056,1
2026-08-11T18:40:41.912137,9.0913,0.382093,0.373634,0.377863,1
2026-08-11T18:40:41.940133,9.1221,0.381371,0.37195,0.37666,1
2026-08-11T18:40:41.966650,9.1487,0.381337,0.370595,0.375966,1
2026-08-11T18:40:41.993996,9.1763,0.381581,0.369536,0.375558,1
2026-08-11T18:40:42.019212,9.2033,0.382202,0.368991,0.375596,1
2026-08-11T18:40:42.051382,9.2334,0.38195,0.370253,0.376102,1
2026-08-11T18:40:42.078144,9.2614,0.382713,0.37214,0.377427,1
2026-08-11T18:40:42.110639,9.2933,0.383827,0.371901,0.377864,1
2026-08-11T18:40:42.137057,9.3202,0.382862,0.371464,0.377163,1
2026-08-11T18:40:42.176903,9.358,0.381734,0.371254,0.376494,1
2026-08-11T18:40:42.245705,9.428,0.376847,0.361843,0.369345,1
2026-08-11T18:40:42.271282,9.4552,0.375647,0.361649,0.368648,1
2026-08-11T18:40:42.305294,9.4898,0.37761,0.369007,0.373308,1
2026-08-11T18:40:42.331817,9.5148,0.377,0.37175,0.374375,1
2026-08-11T18:40:42.367332,9.5511,0.383117,0.369244,0.37618,1
2026-08-11T18:40:42.394751,9.5772,0.385304,0.367953,0.376629,1
2026-08-11T18:40:42.420780,9.6047,0.386098,0.367601,0.376849,1
2026-08-11T18:40:42.453872,9.6379,0.386961,0.365673,0.376317,1
2026-08-11T18:40:42.478629,9.6641,0.387909,0.363755,0.375832,1
2026-08-11T18:40:42.518993,9.7001,0.258647,0.262699,0.260673,1
2026-08-11T18:40:42.546663,9.7291,0.224198,0.218107,0.221153,1
2026-08-11T18:40:42.574140,9.7574,0.094514,0.104988,0.099751,1
2026-08-11T18:40:42.643039,9.8248,0.186297,0.204853,0.195575,1
2026-08-11T18:40:42.669811,9.8524,0.209255,0.229239,0.219247,1
2026-08-11T18:40:42.702945,9.8864,0.267091,0.29059,0.27884,1
2026-08-11T18:40:42.730259,9.913,0.291325,0.313669,0.302497,1
2026-08-11T18:40:42.769109,9.953,0.356889,0.344838,0.350863,1
2026-08-11T18:40:42.794494,9.9787,0.369424,0.35315,0.361287,1
2026-08-11T18:40:42.820880,10.0043,0.375686,0.35865,0.367168,1
2026-08-11T18:40:42.849639,10.0301,0.378304,0.366958,0.372631,1
2026-08-11T18:40:42.876901,10.0603,0.379618,0.370914,0.375266,1
2026-08-11T18:40:42.908008,10.0929,0.394237,0.376212,0.385224,1
2026-08-11T18:40:42.928613,10.1166,0.398679,0.378683,0.388681,1
2026-08-11T18:40:42.973570,10.157,0.39617,0.385514,0.390842,1
2026-08-11T18:40:43.046457,10.2297,0.410529,0.397593,0.404061,1
2026-08-11T18:40:43.073073,10.2568,0.41453,0.401804,0.408167,1
2026-08-11T18:40:43.100954,10.2856,0.412537,0.397124,0.404831,1
2026-08-11T18:40:43.128637,10.3114,0.412225,0.395629,0.403927,1
2026-08-11T18:40:43.168097,10.3508,0.412053,0.395386,0.40372,1
2026-08-11T18:40:43.194216,10.3788,0.411916,0.396305,0.40411,1
2026-08-11T18:40:43.220066,10.4047,0.411827,0.396933,0.40438,1
2026-08-11T18:40:43.250152,10.4339,0.408348,0.386933,0.397641,1
2026-08-11T18:40:43.278289,10.4606,0.406088,0.379582,0.392835,1
2026-08-11T18:40:43.309437,10.4942,0.410839,0.383579,0.397209,1
2026-08-11T18:40:43.336167,10.5199,0.41588,0.385863,0.400871,1
2026-08-11T18:40:43.374877,10.5577,0.417245,0.391617,0.404431,1
2026-08-11T18:40:43.440759,10.6242,0.397976,0.384287,0.391131,1
2026-08-11T18:40:43.469250,10.652,0.397472,0.384432,0.390952,1
2026-08-11T18:40:43.508453,10.6914,0.395591,0.375709,0.38565,1
2026-08-11T18:40:43.535571,10.7189,0.393175,0.3752,0.384187,1
2026-08-11T18:40:43.565261,10.7486,0.398562,0.378304,0.388433,1
2026-08-11T18:40:43.592051,10.7757,0.401879,0.380373,0.391126,1
2026-08-11T18:40:43.618162,10.8023,0.404134,0.381664,0.392899,1
2026-08-11T18:40:43.647349,10.8306,0.404947,0.384595,0.394771,1
2026-08-11T18:40:43.674044,10.8579,0.405451,0.384574,0.395013,1
2026-08-11T18:40:43.720682,10.9018,0.409696,0.391916,0.400806,1
2026-08-11T18:40:43.747287,10.9306,0.412067,0.3988,0.405433,1
2026-08-11T18:40:43.773599,10.9567,0.404084,0.394563,0.399324,1
2026-08-11T18:40:43.843318,11.026,0.407628,0.39459,0.401109,1
2026-08-11T18:40:43.870974,11.0538,0.40971,0.393339,0.401525,1
2026-08-11T18:40:43.904107,11.0871,0.40877,0.393653,0.401212,1
2026-08-11T18:40:43.931896,11.1144,0.408301,0.394102,0.401201,1
2026-08-11T18:40:43.971714,11.1555,0.39979,0.374493,0.387142,1
2026-08-11T18:40:43.997655,11.1821,0.40303,0.359242,0.381136,1
2026-08-11T18:40:44.024246,11.2071,0.399543,0.349522,0.374532,1
2026-08-11T18:40:44.050333,11.2337,0.155166,0.1272,0.141183,1
2026-08-11T18:40:44.076841,11.2607,0.092511,0.076588,0.084549,1
2026-08-11T18:40:44.112572,11.2956,0.151284,0.13309,0.142187,1
2026-08-11T18:40:44.139670,11.3231,0.156272,0.148537,0.152404,1
2026-08-11T18:40:44.174920,11.3591,0.179464,0.230519,0.204992,1
2026-08-11T18:40:44.249771,11.4302,0.257459,0.309655,0.283557,1
2026-08-11T18:40:44.277040,11.4593,0.2786,0.323832,0.301216,1
2026-08-11T18:40:44.305013,11.4874,0.301669,0.323801,0.312735,1
2026-08-11T18:40:44.331517,11.5157,0.307962,0.323538,0.31575,1
2026-08-11T18:40:44.366905,11.5501,0.335619,0.334073,0.334846,1
2026-08-11T18:40:44.392320,11.5765,0.345782,0.339666,0.342724,1
2026-08-11T18:40:44.420184,11.6022,0.351223,0.341903,0.346563,1
2026-08-11T18:40:44.449132,11.6327,0.354407,0.339437,0.346922,1
2026-08-11T18:40:44.474966,11.6585,0.352095,0.337502,0.344798,1
2026-08-11T18:40:44.511130,11.694,0.350935,0.343025,0.34698,1
2026-08-11T18:40:44.538235,11.7214,0.349582,0.343476,0.346529,1
2026-08-11T18:40:44.574284,11.7573,0.353973,0.345406,0.349689,1
2026-08-11T18:40:44.642347,11.8255,0.347729,0.341491,0.34461,1
2026-08-11T18:40:44.669434,11.8531,0.346719,0.340342,0.34353,1
2026-08-11T18:40:44.708070,11.8899,0.361715,0.351812,0.356764,1
2026-08-11T18:40:44.734125,11.9179,0.368524,0.360175,0.36435,1
2026-08-11T18:40:44.766813,11.9505,0.294812,0.341366,0.318089,1
2026-08-11T18:40:44.792485,11.9764,0.270357,0.317874,0.294115,1
2026-08-11T18:40:44.819453,12.0025,0.250597,0.299035,0.274816,1
2026-08-11T18:40:44.853322,12.0358,0.088815,0.108283,0.098549,1
2026-08-11T18:40:44.879295,12.0624,0.061016,0.06348,0.062248,1
2026-08-11T18:40:44.915935,12.0995,0.126228,0.078665,0.102447,1
2026-08-11T18:40:44.941565,12.1258,0.143957,0.065565,0.104761,1
2026-08-11T18:40:44.974424,12.1578,0.257603,0.207481,0.232542,1
2026-08-11T18:40:45.041574,12.2242,0.343451,0.290254,0.316852,1
2026-08-11T18:40:45.069141,12.2514,0.355231,0.304737,0.329984,1
2026-08-11T18:40:45.102536,12.286,0.35912,0.325283,0.342202,1
2026-08-11T18:40:45.128768,12.313,0.364715,0.333328,0.349021,1
2026-08-11T18:40:45.168997,12.3568,0.372742,0.342467,0.357605,1
2026-08-11T18:40:45.192540,12.3786,0.37454,0.344145,0.359343,1
2026-08-11T18:40:45.217208,12.402,0.375935,0.346176,0.361056,1
2026-08-11T18:40:45.247402,12.4303,0.373707,0.348108,0.360907,1
2026-08-11T18:40:45.273664,12.4578,0.372739,0.348851,0.360795,1
2026-08-11T18:40:45.309830,12.4942,0.38212,0.357535,0.369827,1
2026-08-11T18:40:45.336044,12.5193,0.387102,0.362553,0.374828,1
2026-08-11T18:40:45.375292,12.5586,0.391845,0.37068,0.381263,1
2026-08-11T18:40:45.447139,12.6284,0.389612,0.372453,0.381033,1
2026-08-11T18:40:45.497165,12.6564,0.390084,0.373374,0.381729,1
2026-08-11T18:40:45.533557,12.7208,0.393886,0.375785,0.384835,1
2026-08-11T18:40:45.577379,12.7588,0.398694,0.378308,0.388501,1
2026-08-11T18:40:45.608217,12.7883,0.394101,0.376686,0.385393,1
2026-08-11T18:40:45.637654,12.8184,0.38765,0.373708,0.380679,1
2026-08-11T18:40:45.662834,12.8468,0.383915,0.370835,0.377375,1
2026-08-11T18:40:45.693233,12.8723,0.381122,0.36817,0.374646,1
2026-08-11T18:40:45.722536,12.9034,0.377421,0.363906,0.370663,1
2026-08-11T18:40:45.750201,12.9317,0.380816,0.368776,0.374796,1
2026-08-11T18:40:45.774784,12.9595,0.385038,0.373308,0.379173,1
2026-08-11T18:40:45.801384,12.9852,0.390667,0.379063,0.384865,1
2026-08-11T18:40:45.840237,13.0244,0.390187,0.374608,0.382398,1
2026-08-11T18:40:45.866302,13.0508,0.39101,0.375165,0.383088,1
2026-08-11T18:40:45.910159,13.0938,0.395252,0.376697,0.385974,1
2026-08-11T18:40:45.939918,13.1205,0.394881,0.376438,0.385659,1
2026-08-11T18:40:45.966358,13.1498,0.392486,0.377503,0.384995,1
2026-08-11T18:40:45.992721,13.1766,0.391014,0.378132,0.384573,1
2026-08-11T18:40:46.018596,13.2027,0.390115,0.378613,0.384364,1
2026-08-11T18:40:46.047655,13.2319,0.387563,0.377419,0.382491,1
2026-08-11T18:40:46.074818,13.258,0.386786,0.376864,0.381825,1
2026-08-11T18:40:46.113462,13.298,0.391459,0.385337,0.388398,1
2026-08-11T18:40:46.144837,13.324,0.39848,0.390172,0.394326,1
2026-08-11T18:40:46.176417,13.36,0.382254,0.378402,0.380328,1
2026-08-11T18:40:46.241104,13.4226,0.381733,0.373756,0.377745,1
2026-08-11T18:40:46.268986,13.4519,0.381653,0.373237,0.377445,1
2026-08-11T18:40:46.303767,13.4868,0.354536,0.367991,0.361263,1
2026-08-11T18:40:46.332082,13.5149,0.333475,0.352883,0.343179,1
2026-08-11T18:40:46.371718,13.5532,0.138181,0.180495,0.159338,1
2026-08-11T18:40:46.397475,13.5822,0.105711,0.140874,0.123292,1
2026-08-11T18:40:46.424282,13.608,0.097233,0.125815,0.111524,1
2026-08-11T18:40:46.453673,13.635,0.126695,0.144771,0.135733,1
2026-08-11T18:40:46.480452,13.6634,0.14175,0.148573,0.145162,1
2026-08-11T18:40:46.511568,13.695,0.197617,0.209662,0.20364,1
2026-08-11T18:40:46.536277,13.7208,0.227525,0.24296,0.235243,1
2026-08-11T18:40:46.573186,13.7573,0.287583,0.28707,0.287326,1
2026-08-11T18:40:46.646417,13.8288,0.366668,0.340814,0.353741,1
2026-08-11T18:40:46.672444,13.856,0.376503,0.349756,0.36313,1
2026-08-11T18:40:46.701149,13.8851,0.380238,0.355249,0.367743,1
2026-08-11T18:40:46.727374,13.9106,0.379609,0.354834,0.367221,1
2026-08-11T18:40:46.767278,13.9498,0.376455,0.3542,0.365328,1
2026-08-11T18:40:46.794013,13.9776,0.373807,0.354987,0.364397,1
2026-08-11T18:40:46.820900,14.0037,0.371741,0.355163,0.363452,1
2026-08-11T18:40:46.851107,14.0337,0.378713,0.36541,0.372061,1
2026-08-11T18:40:46.876805,14.0605,0.386702,0.37147,0.379086,1
2026-08-11T18:40:46.912186,14.0948,0.390382,0.374274,0.382328,1
2026-08-11T18:40:46.938352,14.1217,0.390684,0.373756,0.38222,1
2026-08-11T18:40:46.975434,14.1581,0.388668,0.376709,0.382689,1
2026-08-11T18:40:47.040075,14.2229,0.387418,0.381225,0.384322,1
2026-08-11T18:40:47.069788,14.2509,0.387342,0.382042,0.384692,1
2026-08-11T18:40:47.106152,14.2896,0.395732,0.37691,0.386321,1
2026-08-11T18:40:47.135068,14.3169,0.396565,0.372807,0.384686,1
2026-08-11T18:40:47.168983,14.3523,0.401319,0.375483,0.388401,1
2026-08-11T18:40:47.195833,14.3796,0.40363,0.3776,0.390615,1
2026-08-11T18:40:47.223632,14.4067,0.405228,0.377784,0.391506,1
2026-08-11T18:40:47.251120,14.4334,0.409289,0.38191,0.395599,1
2026-08-11T18:40:47.277573,14.4617,0.408728,0.383915,0.396322,1
2026-08-11T18:40:47.314146,14.4987,0.399984,0.379728,0.389856,1
2026-08-11T18:40:47.347010,14.5317,0.396436,0.37803,0.387233,1
2026-08-11T18:40:47.374063,14.5574,0.402577,0.391286,0.396931,1
2026-08-11T18:40:47.433434,14.6211,0.402074,0.388485,0.395279,1
2026-08-11T18:40:47.459301,14.6425,0.400773,0.387965,0.394369,1
2026-08-11T18:40:47.502669,14.6854,0.40531,0.390652,0.397981,1
2026-08-11T18:40:47.533965,14.7136,0.407385,0.391928,0.399657,1
2026-08-11T18:40:47.572748,14.7518,0.400836,0.386673,0.393755,1
2026-08-11T18:40:47.600331,14.7833,0.401743,0.385162,0.393452,1
2026-08-11T18:40:47.627213,14.8105,0.401354,0.384202,0.392778,1
2026-08-11T18:40:47.654758,14.8377,0.408001,0.394098,0.40105,1
2026-08-11T18:40:47.683605,14.8651,0.411604,0.400036,0.40582,1
2026-08-11T18:40:47.710834,14.8945,0.408328,0.393766,0.401047,1
2026-08-11T18:40:47.743410,14.9211,0.408049,0.391246,0.399648,1
2026-08-11T18:40:47.776284,14.9576,0.161436,0.189995,0.175716,1
2026-08-11T18:40:47.842170,15.0239,0.148736,0.137388,0.143062,1
2026-08-11T18:40:47.870249,15.0524,0.145839,0.127724,0.136782,1
2026-08-11T18:40:47.902993,15.086,0.228139,0.220317,0.224228,1
2026-08-11T18:40:47.930086,15.113,0.259213,0.256776,0.257995,1
2026-08-11T18:40:47.968835,15.1503,0.355576,0.333273,0.344425,1
2026-08-11T18:40:47.998860,15.1789,0.374332,0.355657,0.364995,1
2026-08-11T18:40:48.027311,15.2097,0.377869,0.363104,0.370486,1
2026-08-11T18:40:48.054028,15.2363,0.39902,0.365798,0.382409,1
2026-08-11T18:40:48.084897,15.265,0.393619,0.374569,0.384094,1
2026-08-11T18:40:48.117932,15.2952,0.394138,0.389111,0.391625,1
2026-08-11T18:40:48.147935,15.328,0.396102,0.395777,0.395939,1
2026-08-11T18:40:48.180136,15.3573,0.394615,0.39228,0.393448,1
2026-08-11T18:40:48.246447,15.4232,0.388078,0.386569,0.387323,1
2026-08-11T18:40:48.277065,15.4561,0.385653,0.385927,0.38579,1
2026-08-11T18:40:48.313580,15.4899,0.384335,0.386279,0.385307,1
2026-08-11T18:40:48.353007,15.5242,0.384218,0.388971,0.386595,1
2026-08-11T18:40:48.384810,15.5634,0.394689,0.395456,0.395072,1
2026-08-11T18:40:48.415685,15.594,0.39974,0.397409,0.398575,1
2026-08-11T18:40:48.442152,15.6258,0.400206,0.396625,0.398415,1
2026-08-11T18:40:48.470270,15.6512,0.399892,0.396233,0.398063,1
2026-08-11T18:40:48.500879,15.6804,0.399523,0.394359,0.396941,1
2026-08-11T18:40:48.526435,15.7111,0.397914,0.394418,0.396166,1
2026-08-11T18:40:48.552278,15.736,0.396516,0.394558,0.395537,1
2026-08-11T18:40:48.578814,15.7626,0.40245,0.394145,0.398297,1
2026-08-11T18:40:48.642932,15.8257,0.387367,0.385332,0.38635,1
2026-08-11T18:40:48.669203,15.8528,0.384939,0.382005,0.383472,1
2026-08-11T18:40:48.705746,15.8882,0.385174,0.378383,0.381779,1
2026-08-11T18:40:48.733644,15.9166,0.384041,0.374913,0.379477,1
2026-08-11T18:40:48.769629,15.9535,0.388966,0.380919,0.384942,1
2026-08-11T18:40:48.795136,15.9792,0.391938,0.382733,0.387335,1
2026-08-11T18:40:48.822278,16.0047,0.394117,0.383962,0.38904,1
2026-08-11T18:40:48.847167,16.0318,0.388537,0.387695,0.388116,1
2026-08-11T18:40:48.875288,16.0569,0.389359,0.390357,0.389858,1
2026-08-11T18:40:48.913518,16.0954,0.39585,0.395629,0.395739,1
2026-08-11T18:40:48.940583,16.1241,0.398062,0.397441,0.397752,1
2026-08-11T18:40:48.976467,16.159,0.396803,0.39619,0.396496,1
2026-08-11T18:40:49.045227,16.2288,0.398224,0.387327,0.392776,1
2026-08-11T18:40:49.073072,16.256,0.398329,0.387292,0.39281,1
2026-08-11T18:40:49.103096,16.2863,0.398312,0.384853,0.391583,1
2026-08-11T18:40:49.130246,16.3137,0.397651,0.38295,0.3903,1
2026-08-11T18:40:49.166725,16.3498,0.399909,0.38814,0.394024,1
2026-08-11T18:40:49.192383,16.3763,0.401204,0.389133,0.395168,1
2026-08-11T18:40:49.219433,16.403,0.401767,0.389577,0.395672,1
2026-08-11T18:40:49.249516,16.4334,0.40476,0.394603,0.399681,1
2026-08-11T18:40:49.276376,16.4603,0.406048,0.395123,0.400585,1
2026-08-11T18:40:49.312593,16.4952,0.405751,0.384064,0.394907,1
2026-08-11T18:40:49.339790,16.5233,0.405636,0.379189,0.392413,1
2026-08-11T18:40:49.375549,16.5588,0.401542,0.377461,0.389502,1
2026-08-11T18:40:49.443696,16.625,0.404168,0.382541,0.393355,1
2026-08-11T18:40:49.474155,16.6545,0.405285,0.383502,0.394394,1
2026-08-11T18:40:49.508176,16.6901,0.398568,0.384119,0.391343,1
2026-08-11T18:40:49.536621,16.7208,0.396086,0.385116,0.390601,1
2026-08-11T18:40:49.562253,16.7495,0.394844,0.380778,0.387811,1
2026-08-11T18:40:49.601437,16.7837,0.392615,0.378442,0.385528,1
2026-08-11T18:40:49.627164,16.8115,0.390518,0.376009,0.383264,1
2026-08-11T18:40:49.657903,16.8441,0.399171,0.387811,0.393491,1
2026-08-11T18:40:49.680883,16.8671,0.403782,0.394918,0.39935,1
2026-08-11T18:40:49.713330,16.8967,0.292096,0.299154,0.295625,1
2026-08-11T18:40:49.737532,16.9229,0.244043,0.226928,0.235485,1
2026-08-11T18:40:49.774323,16.9578,0.129142,0.099267,0.114204,1
2026-08-11T18:40:49.846651,17.0263,0.113787,0.085067,0.099427,1
2026-08-11T18:40:49.873226,17.0563,0.116223,0.092811,0.104517,1
2026-08-11T18:40:49.904327,17.0861,0.141355,0.122249,0.131802,1
2026-08-11T18:40:49.932286,17.115,0.150611,0.138035,0.144323,1
2026-08-11T18:40:49.969050,17.1522,0.292836,0.255352,0.274094,1
2026-08-11T18:40:49.996217,17.1791,0.319159,0.274363,0.296761,1
2026-08-11T18:40:50.023181,17.2058,0.325854,0.280487,0.303171,1
2026-08-11T18:40:50.050390,17.2332,0.373823,0.343475,0.358649,1
2026-08-11T18:40:50.077068,17.2604,0.376053,0.355291,0.365672,1
2026-08-11T18:40:50.111926,17.2951,0.398269,0.371822,0.385045,1
2026-08-11T18:40:50.139961,17.3223,0.400141,0.378494,0.389317,1
2026-08-11T18:40:50.175224,17.3584,0.398174,0.385674,0.391924,1
2026-08-11T18:40:50.249373,17.4279,0.403143,0.390244,0.396693,1
2026-08-11T18:40:50.276353,17.4595,0.404556,0.39166,0.398108,1
2026-08-11T18:40:50.304212,17.4856,0.413071,0.396912,0.404992,1
2026-08-11T18:40:50.330367,17.5143,0.412303,0.398526,0.405414,1
2026-08-11T18:40:50.366993,17.5481,0.406665,0.396596,0.401631,1
2026-08-11T18:40:50.392493,17.5773,0.404555,0.395019,0.399787,1
2026-08-11T18:40:50.418814,17.6031,0.404864,0.394813,0.399839,1
2026-08-11T18:40:50.454279,17.637,0.415276,0.40185,0.408563,1
2026-08-11T18:40:50.483276,17.6648,0.422937,0.410727,0.416832,1
2026-08-11T18:40:50.509003,17.693,0.420714,0.403049,0.411881,1
2026-08-11T18:40:50.541652,17.7199,0.41886,0.398952,0.408906,1
2026-08-11T18:40:50.575555,17.7577,0.420655,0.403167,0.411911,1
2026-08-11T18:40:50.640410,17.8222,0.418726,0.402327,0.410526,1
2026-08-11T18:40:50.672109,17.8511,0.417473,0.401409,0.409441,1
2026-08-11T18:40:50.710493,17.8914,0.418084,0.401414,0.409749,1
2026-08-11T18:40:50.739584,17.9213,0.418483,0.401203,0.409843,1
2026-08-11T18:40:50.768703,17.9507,0.418267,0.397931,0.408099,1
2026-08-11T18:40:50.797434,17.9788,0.418515,0.39671,0.407612,1
2026-08-11T18:40:50.824553,18.0075,0.418345,0.396283,0.407314,1
2026-08-11T18:40:50.853389,18.0352,0.421409,0.398598,0.410004,1
2026-08-11T18:40:50.879257,18.0632,0.4237,0.399378,0.411539,1
2026-08-11T18:40:50.915624,18.099,0.42355,0.403628,0.413589,1
2026-08-11T18:40:50.940370,18.1256,0.42354,0.407504,0.415522,1
2026-08-11T18:40:50.972897,18.1573,0.425091,0.411006,0.418049,1
2026-08-11T18:40:51.043598,18.2249,0.385235,0.364471,0.374853,1
2026-08-11T18:40:51.077240,18.2544,0.379203,0.354418,0.366811,1
2026-08-11T18:40:51.105516,18.2869,0.122039,0.168419,0.145229,1
2026-08-11T18:40:51.136201,18.3165,0.109443,0.124187,0.116815,1
2026-08-11T18:40:51.180259,18.3601,0.057442,0.08561,0.071526,1
2026-08-11T18:40:51.209480,18.3906,0.067466,0.081984,0.074725,1
2026-08-11T18:40:51.242545,18.4201,0.069088,0.082281,0.075684,1
2026-08-11T18:40:51.268279,18.4522,0.055099,0.057809,0.056454,1
2026-08-11T18:40:51.293920,18.4779,0.055979,0.044455,0.050217,1
2026-08-11T18:40:51.320399,18.5033,0.064387,0.040161,0.052274,1
2026-08-11T18:40:51.347682,18.5309,0.068434,0.042351,0.055392,1
2026-08-11T18:40:51.375617,18.5592,0.070561,0.058104,0.064333,1
2026-08-11T18:40:51.449952,18.6323,0.229366,0.227227,0.228296,1
2026-08-11T18:40:51.478028,18.6602,0.268364,0.271737,0.27005,1
2026-08-11T18:40:51.504678,18.688,0.33101,0.327374,0.329192,1
2026-08-11T18:40:51.533021,18.7149,0.349698,0.34087,0.345284,1
2026-08-11T18:40:51.564406,18.7485,0.374274,0.354465,0.364369,1
2026-08-11T18:40:51.590045,18.7743,0.371067,0.354031,0.362549,1
2026-08-11T18:40:51.616639,18.8,0.368763,0.352505,0.360634,1
2026-08-11T18:40:51.651839,18.8352,0.354289,0.346588,0.350439,1
2026-08-11T18:40:51.679301,18.8621,0.347391,0.346207,0.346799,1
2026-08-11T18:40:51.710780,18.894,0.346973,0.340079,0.343526,1
2026-08-11T18:40:51.737177,18.9206,0.343717,0.334662,0.339189,1
2026-08-11T18:40:51.774081,18.9572,0.354403,0.339601,0.347002,1
2026-08-11T18:40:51.838610,19.0228,0.357096,0.341548,0.349322,1
2026-08-11T18:40:51.862938,19.0466,0.354632,0.339697,0.347165,1
2026-08-11T18:40:51.903836,19.0892,0.343276,0.338813,0.341044,1
2026-08-11T18:40:51.937322,19.1218,0.339363,0.34074,0.340052,1
2026-08-11T18:40:51.965114,19.1489,0.342272,0.339499,0.340886,1
2026-08-11T18:40:51.990739,19.1744,0.344907,0.339911,0.342409,1
2026-08-11T18:40:52.017052,19.2011,0.34554,0.340185,0.342863,1
2026-08-11T18:40:52.045357,19.2294,0.347076,0.342157,0.344616,1
2026-08-11T18:40:52.072203,19.2556,0.348021,0.343775,0.345898,1
2026-08-11T18:40:52.116377,19.2997,0.351494,0.344731,0.348112,1
2026-08-11T18:40:52.142972,19.3268,0.351835,0.34474,0.348288,1
2026-08-11T18:40:52.175096,19.3578,0.354077,0.345705,0.349891,1
2026-08-11T18:40:52.247938,19.4231,0.355389,0.350988,0.353188,1
2026-08-11T18:40:52.275722,19.4585,0.354396,0.352528,0.353462,1
2026-08-11T18:40:52.302391,19.4862,0.356011,0.351176,0.353594,1
2026-08-11T18:40:52.328816,19.5121,0.357038,0.350426,0.353732,1
2026-08-11T18:40:52.368560,19.5528,0.35577,0.350218,0.352994,1
2026-08-11T18:40:52.395150,19.5777,0.356522,0.349986,0.353254,1
2026-08-11T18:40:52.421170,19.605,0.356999,0.349904,0.353451,1
2026-08-11T18:40:52.448125,19.6311,0.342308,0.345549,0.343928,1
2026-08-11T18:40:52.475231,19.6579,0.337612,0.34311,0.340361,1
2026-08-11T18:40:52.510463,19.6946,0.34635,0.345555,0.345953,1
2026-08-11T18:40:52.536103,19.7203,0.347227,0.346527,0.346877,1
2026-08-11T18:40:52.573931,19.7573,0.350512,0.344156,0.347334,1
2026-08-11T18:40:52.647246,19.8294,0.350997,0.342689,0.346843,1
2026-08-11T18:40:52.673142,19.857,0.353284,0.342332,0.347808,1
2026-08-11T18:40:52.700418,19.8855,0.363221,0.343295,0.353258,1
2026-08-11T18:40:52.726622,19.9104,0.366435,0.34264,0.354537,1
2026-08-11T18:40:52.765620,19.9487,0.368054,0.350023,0.359039,1
2026-08-11T18:40:52.791934,19.9756,0.37207,0.35293,0.3625,1
2026-08-11T18:40:52.817711,20.0013,0.371812,0.354309,0.36306,1
2026-08-11T18:40:52.847636,20.0323,0.159313,0.18738,0.173347,1
2026-08-11T18:40:52.873616,20.058,0.112494,0.143146,0.12782,1
2026-08-11T18:40:52.912533,20.0955,0.096739,0.116094,0.106416,1
2026-08-11T18:40:52.939584,20.123,0.102036,0.133234,0.117635,1
2026-08-11T18:40:52.973553,20.1572,0.099127,0.109019,0.104073,1
2026-08-11T18:40:53.042341,20.2249,0.099684,0.118096,0.10889,1
2026-08-11T18:40:53.069161,20.2523,0.102579,0.122231,0.112405,1
2026-08-11T18:40:53.112612,20.2999,0.069083,0.091031,0.080057,1
2026-08-11T18:40:53.143988,20.33,0.066962,0.087724,0.077343,1
2026-08-11T18:40:53.169417,20.3533,0.073153,0.080314,0.076733,1
2026-08-11T18:40:53.194645,20.3788,0.076943,0.077598,0.077271,1
2026-08-11T18:40:53.221696,20.405,0.078793,0.07393,0.076362,1
2026-08-11T18:40:53.248415,20.4314,0.080164,0.07695,0.078557,1
2026-08-11T18:40:53.275176,20.459,0.082767,0.078376,0.080571,1
2026-08-11T18:40:53.315716,20.4984,0.078639,0.07683,0.077734,1
2026-08-11T18:40:53.341472,20.5251,0.079916,0.07872,0.079318,1
2026-08-11T18:40:53.373752,20.5577,0.081624,0.078965,0.080295,1
2026-08-11T18:40:53.443412,20.6265,0.086786,0.090541,0.088664,1
2026-08-11T18:40:53.469677,20.653,0.087996,0.092187,0.090091,1
2026-08-11T18:40:53.503067,20.6869,0.088613,0.096528,0.092571,1
2026-08-11T18:40:53.532187,20.7137,0.09683,0.109812,0.103321,1
2026-08-11T18:40:53.590422,20.7733,0.133336,0.21846,0.175898,1
2026-08-11T18:40:53.617874,20.801,0.138834,0.228658,0.183746,1
2026-08-11T18:40:53.645096,20.8279,0.140529,0.238185,0.189357,1
2026-08-11T18:40:53.671289,20.8545,0.136538,0.173642,0.15509,1
2026-08-11T18:40:53.697709,20.8817,0.129749,0.150343,0.140046,1
2026-08-11T18:40:53.724451,20.9081,0.122015,0.13924,0.130628,1
2026-08-11T18:40:53.751442,20.9347,0.117468,0.128765,0.123116,1
2026-08-11T18:40:53.777931,20.962,0.114897,0.134138,0.124518,1
2026-08-11T18:40:53.846525,21.0298,0.077923,0.094526,0.086224,1
2026-08-11T18:40:53.875128,21.0571,0.074858,0.0907,0.082779,1
2026-08-11T18:40:53.907599,21.0872,0.082193,0.09869,0.090442,1
2026-08-11T18:40:53.934242,21.1176,0.084509,0.104011,0.09426,1
2026-08-11T18:40:53.981931,21.1656,0.094687,0.114631,0.104659,1
2026-08-11T18:40:54.007925,21.1919,0.096052,0.117731,0.106892,1
2026-08-11T18:40:54.033327,21.2168,0.097068,0.120009,0.108539,1
2026-08-11T18:40:54.055690,21.2428,0.100166,0.116334,0.10825,1
2026-08-11T18:40:54.084565,21.2653,0.098801,0.108919,0.10386,1
2026-08-11T18:40:54.108949,21.2948,0.10909,0.118355,0.113722,1
2026-08-11T18:40:54.130715,21.3181,0.124189,0.132289,0.128239,1
2026-08-11T18:40:54.188462,21.3701,0.103354,0.111624,0.107489,1
2026-08-11T18:40:54.244551,21.4225,0.119912,0.133534,0.126723,1
2026-08-11T18:40:54.276960,21.4549,0.127961,0.140952,0.134457,1
2026-08-11T18:40:54.305747,21.4906,0.130577,0.139711,0.135144,1
2026-08-11T18:40:54.332486,21.5163,0.133869,0.127821,0.130845,1
2026-08-11T18:40:54.384474,21.5687,0.134752,0.138705,0.136728,1
2026-08-11T18:40:54.411767,21.5953,0.135771,0.144215,0.139993,1
2026-08-11T18:40:54.438393,21.6212,0.137503,0.147715,0.142609,1
2026-08-11T18:40:54.465212,21.649,0.122714,0.135826,0.12927,1
2026-08-11T18:40:54.494265,21.675,0.114937,0.136192,0.125564,1
2026-08-11T18:40:54.519550,21.7033,0.096742,0.10777,0.102256,1
2026-08-11T18:40:54.546083,21.7299,0.088581,0.103196,0.095889,1
2026-08-11T18:40:54.575076,21.7585,0.083182,0.101154,0.092168,1
2026-08-11T18:40:54.642880,21.8251,0.08267,0.094491,0.08858,1
2026-08-11T18:40:54.669343,21.8526,0.084466,0.096124,0.090295,1
2026-08-11T18:40:54.702860,21.8864,0.087065,0.0991,0.093083,1
2026-08-11T18:40:54.728775,21.9124,0.08647,0.099229,0.092849,1
2026-08-11T18:40:54.790389,21.9737,0.095939,0.124372,0.110156,1
2026-08-11T18:40:54.817180,22.0003,0.104711,0.141128,0.12292,1
2026-08-11T18:40:54.842502,22.0282,0.106086,0.141038,0.123562,1
2026-08-11T18:40:54.868951,22.0522,0.108922,0.143724,0.126323,1
2026-08-11T18:40:54.893941,22.0784,0.104822,0.140519,0.12267,1
2026-08-11T18:40:54.919660,22.1036,0.094876,0.104505,0.099691,1
2026-08-11T18:40:54.947003,22.13,0.090193,0.097651,0.093922,1
2026-08-11T18:40:54.974634,22.1581,0.096346,0.090557,0.093451,1
2026-08-11T18:40:55.048966,22.2302,0.142332,0.196787,0.16956,1
2026-08-11T18:40:55.075956,22.2583,0.143125,0.190769,0.166947,1
2026-08-11T18:40:55.104236,22.2857,0.138389,0.185723,0.162056,1
2026-08-11T18:40:55.129485,22.3143,0.132845,0.184842,0.158844,1
2026-08-11T18:40:55.189645,22.3699,0.109853,0.168965,0.139409,1
2026-08-11T18:40:55.216420,22.3995,0.102854,0.167512,0.135183,1
2026-08-11T18:40:55.242878,22.4262,0.097908,0.164425,0.131167,1
2026-08-11T18:40:55.267797,22.4523,0.098624,0.150454,0.124539,1
2026-08-11T18:40:55.294477,22.4781,0.10075,0.147434,0.124092,1
2026-08-11T18:40:55.319036,22.5039,0.110271,0.147255,0.128763,1
2026-08-11T18:40:55.345976,22.5289,0.113596,0.147558,0.130577,1
2026-08-11T18:40:55.371722,22.5567,0.111134,0.144762,0.127948,1
2026-08-11T18:40:55.442073,22.6252,0.141081,0.141292,0.141187,1
2026-08-11T18:40:55.469478,22.6528,0.152708,0.140512,0.14661,1
2026-08-11T18:40:55.511792,22.6941,0.150255,0.112171,0.131213,1
2026-08-11T18:40:55.536756,22.7214,0.152223,0.104525,0.128374,1
2026-08-11T18:40:55.584180,22.7664,0.130613,0.109454,0.120033,1
2026-08-11T18:40:55.612604,22.7953,0.116401,0.10381,0.110106,1
2026-08-11T18:40:55.637017,22.8219,0.109439,0.097408,0.103423,1
2026-08-11T18:40:55.664175,22.8464,0.105529,0.108695,0.107112,1
2026-08-11T18:40:55.692898,22.8747,0.102956,0.129652,0.116304,1
2026-08-11T18:40:55.717047,22.9019,0.106973,0.159612,0.133292,1
2026-08-11T18:40:55.742443,22.927,0.111295,0.170013,0.140654,1
2026-08-11T18:40:55.774215,22.9576,0.114967,0.169463,0.142215,1
2026-08-11T18:40:55.843110,23.0243,0.077616,0.099552,0.088584,1
2026-08-11T18:40:55.872947,23.0538,0.068915,0.096603,0.082759,1
2026-08-11T18:40:55.903760,23.0853,0.09378,0.125287,0.109533,1
2026-08-11T18:40:55.932155,23.1141,0.102652,0.135241,0.118946,1
2026-08-11T18:40:55.995622,23.1739,0.119432,0.127614,0.123523,1
2026-08-11T18:40:56.022962,23.206,0.125698,0.109412,0.117555,1
2026-08-11T18:40:56.048723,23.2324,0.132345,0.106145,0.119245,1
2026-08-11T18:40:56.076143,23.2582,0.132359,0.130883,0.131621,1
2026-08-11T18:40:56.103029,23.2863,0.129725,0.139993,0.134859,1
2026-08-11T18:40:56.129655,23.3124,0.12909,0.13026,0.129675,1
2026-08-11T18:40:56.155894,23.3403,0.12853,0.126578,0.127554,1
2026-08-11T18:40:56.182275,23.3652,0.144169,0.142254,0.143211,1
2026-08-11T18:40:56.247504,23.4306,0.119863,0.100415,0.110139,1
2026-08-11T18:40:56.274821,23.4572,0.116158,0.101899,0.109029,1
2026-08-11T18:40:56.302591,23.4851,0.117346,0.104374,0.11086,1
2026-08-11T18:40:56.328922,23.5123,0.121914,0.107352,0.114633,1
2026-08-11T18:40:56.388311,23.5382,0.126595,0.110169,0.118382,1
2026-08-11T18:40:56.411569,23.5977,0.120204,0.107744,0.113974,1
2026-08-11T18:40:56.456393,23.6202,0.119253,0.10846,0.113857,1
2026-08-11T18:40:56.483150,23.6665,0.108787,0.104761,0.106774,1
2026-08-11T18:40:56.510493,23.6918,0.106694,0.103672,0.105183,1
2026-08-11T18:40:56.538563,23.7199,0.101837,0.103851,0.102844,1
2026-08-11T18:40:56.563268,23.7475,0.097962,0.101174,0.099568,1
2026-08-11T18:40:56.593682,23.7735,0.089555,0.077243,0.083399,1
2026-08-11T18:40:56.641631,23.8245,0.09504,0.079996,0.087518,1
2026-08-11T18:40:56.669765,23.8522,0.095983,0.089921,0.092952,1
2026-08-11T18:40:56.706389,23.8902,0.085246,0.093831,0.089538,1
2026-08-11T18:40:56.733384,23.9172,0.077354,0.095871,0.086612,1
2026-08-11T18:40:56.760225,23.944,0.072068,0.096689,0.084378,1
2026-08-11T18:40:56.786248,23.9696,0.072588,0.09314,0.082864,1
2026-08-11T18:40:56.812056,23.9961,0.082846,0.10397,0.093408,1
2026-08-11T18:40:56.846379,24.0303,0.100654,0.13735,0.119002,1
2026-08-11T18:40:56.873111,24.0569,0.110922,0.141658,0.12629,1
2026-08-11T18:40:56.911521,24.0949,0.105873,0.129768,0.117821,1
2026-08-11T18:40:56.938109,24.1222,0.104554,0.12269,0.113622,1
2026-08-11T18:40:56.976713,24.1605,0.14544,0.120296,0.132868,1
2026-08-11T18:40:57.044245,24.2254,0.134676,0.11598,0.125328,1
2026-08-11T18:40:57.074430,24.2555,0.130016,0.116148,0.123082,1
2026-08-11T18:40:57.104997,24.2861,0.140344,0.131434,0.135889,1
2026-08-11T18:40:57.133720,24.3158,0.140835,0.138725,0.13978,1
2026-08-11T18:40:57.169311,24.3443,0.141487,0.144181,0.142834,1
2026-08-11T18:40:57.196714,24.3796,0.130729,0.146903,0.138816,1
2026-08-11T18:40:57.225974,24.4071,0.124476,0.147283,0.13588,1
2026-08-11T18:40:57.254291,24.4359,0.123947,0.14429,0.134118,1
2026-08-11T18:40:57.283464,24.4646,0.120268,0.139811,0.13004,1
2026-08-11T18:40:57.313996,24.4947,0.105619,0.123383,0.114501,1
2026-08-11T18:40:57.340577,24.525,0.096454,0.1149,0.105677,1
2026-08-11T18:40:57.376650,24.5587,0.098273,0.115125,0.106699,1
2026-08-11T18:40:57.448324,24.6312,0.115766,0.150597,0.133182,1
2026-08-11T18:40:57.476101,24.6585,0.117477,0.154278,0.135878,1
2026-08-11T18:40:57.508389,24.6914,0.11838,0.128805,0.123592,1
2026-08-11T18:40:57.534829,24.7183,0.121825,0.117151,0.119488,1
2026-08-11T18:40:57.561561,24.7452,0.122182,0.1103,0.116241,1
2026-08-11T18:40:57.587152,24.771,0.117788,0.114339,0.116064,1
2026-08-11T18:40:57.614426,24.7971,0.118468,0.120661,0.119565,1
2026-08-11T18:40:57.648948,24.8325,0.125066,0.099017,0.112042,1
2026-08-11T18:40:57.676143,24.8593,0.131247,0.09875,0.114998,1
2026-08-11T18:40:57.712855,24.8942,0.104751,0.093875,0.099313,1
2026-08-11T18:40:57.739929,24.9234,0.077992,0.087847,0.082919,1
2026-08-11T18:40:57.773214,24.9575,0.077384,0.094645,0.086014,1
2026-08-11T18:40:57.842025,25.0251,0.105427,0.099379,0.102403,1
2026-08-11T18:40:57.869190,25.0521,0.116344,0.102995,0.10967,1
2026-08-11T18:40:57.909986,25.0927,0.105749,0.100253,0.103001,1
2026-08-11T18:40:57.935709,25.1195,0.097119,0.099523,0.098321,1
2026-08-11T18:40:57.960037,25.1451,0.095439,0.099621,0.09753,1
2026-08-11T18:40:57.985347,25.169,0.216375,0.225223,0.220799,1
2026-08-11T18:40:58.011181,25.1953,0.253577,0.266665,0.260121,1
2026-08-11T18:40:58.047288,25.2301,0.35378,0.336044,0.344912,1
2026-08-11T18:40:58.072927,25.2574,0.369734,0.350671,0.360203,1
2026-08-11T18:40:58.110899,25.2943,0.354368,0.342361,0.348365,1
2026-08-11T18:40:58.137476,25.321,0.351414,0.341366,0.34639,1
2026-08-11T18:40:58.179818,25.3628,0.344599,0.331599,0.338099,1
2026-08-11T18:40:58.240671,25.4243,0.344092,0.330074,0.337083,1
2026-08-11T18:40:58.267900,25.4507,0.34497,0.330754,0.337862,1
2026-08-11T18:40:58.305851,25.488,0.355768,0.328375,0.342071,1
2026-08-11T18:40:58.333609,25.5155,0.36171,0.33347,0.34759,1
2026-08-11T18:40:58.358580,25.5441,0.3673,0.335435,0.351368,1
2026-08-11T18:40:58.391538,25.5726,0.367919,0.341206,0.354562,1
2026-08-11T18:40:58.419977,25.6016,0.368324,0.345723,0.357024,1
2026-08-11T18:40:58.448171,25.6305,0.3733,0.346704,0.360002,1
2026-08-11T18:40:58.475037,25.6586,0.376738,0.346713,0.361726,1
2026-08-11T18:40:58.511726,25.6948,0.374065,0.3475,0.360783,1
2026-08-11T18:40:58.539367,25.7223,0.372806,0.347473,0.360139,1
2026-08-11T18:40:58.575642,25.7587,0.372105,0.350805,0.361455,1
2026-08-11T18:40:58.647515,25.8315,0.370106,0.350202,0.360154,1
2026-08-11T18:40:58.672530,25.8573,0.370397,0.350244,0.36032,1
2026-08-11T18:40:58.708031,25.8913,0.370441,0.352064,0.361252,1
2026-08-11T18:40:58.732655,25.919,0.369962,0.353924,0.361943,1
2026-08-11T18:40:58.757569,25.9428,0.36829,0.354018,0.361154,1
2026-08-11T18:40:58.780441,25.9662,0.354969,0.345715,0.350342,1
2026-08-11T18:40:58.803336,25.9891,0.348918,0.340896,0.344907,1
2026-08-11T18:40:58.848740,26.0323,0.343924,0.338061,0.340993,1
2026-08-11T18:40:58.875349,26.0594,0.342771,0.338807,0.340789,1
2026-08-11T18:40:58.910393,26.0942,0.344951,0.339951,0.342451,1
2026-08-11T18:40:58.936471,26.1207,0.344643,0.337623,0.341133,1
2026-08-11T18:40:58.974125,26.1572,0.347923,0.341135,0.344529,1
2026-08-11T18:40:59.042709,26.2259,0.358604,0.349304,0.353954,1
2026-08-11T18:40:59.070355,26.2533,0.359817,0.347901,0.353859,1
2026-08-11T18:40:59.108743,26.2922,0.362302,0.348965,0.355634,1
2026-08-11T18:40:59.135469,26.3192,0.358712,0.345916,0.352314,1
2026-08-11T18:40:59.165046,26.3458,0.359886,0.34703,0.353458,1
2026-08-11T18:40:59.190421,26.3745,0.356335,0.33634,0.346337,1
2026-08-11T18:40:59.215633,26.4002,0.355438,0.335098,0.345268,1
2026-08-11T18:40:59.246206,26.4304,0.359432,0.339331,0.349381,1
2026-08-11T18:40:59.273775,26.4565,0.36101,0.341901,0.351456,1
2026-08-11T18:40:59.310703,26.4938,0.365883,0.351482,0.358683,1
2026-08-11T18:40:59.337899,26.5211,0.370711,0.359267,0.364989,1
2026-08-11T18:40:59.379829,26.5638,0.359782,0.344318,0.35205,1
2026-08-11T18:40:59.440554,26.6237,0.147862,0.146592,0.147227,1
2026-08-11T18:40:59.467686,26.6501,0.123993,0.121894,0.122943,1
2026-08-11T18:40:59.507004,26.6886,0.077218,0.086553,0.081885,1
2026-08-11T18:40:59.532245,26.7162,0.06124,0.076308,0.068774,1
2026-08-11T18:40:59.558139,26.7416,0.054975,0.070905,0.06294,1
2026-08-11T18:40:59.585289,26.7699,0.076786,0.074306,0.075546,1
2026-08-11T18:40:59.610989,26.7943,0.083909,0.074659,0.079284,1
2026-08-11T18:40:59.646253,26.8293,0.081428,0.090495,0.085961,1
2026-08-11T18:40:59.671709,26.8555,0.084819,0.097512,0.091165,1
2026-08-11T18:40:59.709538,26.8931,0.203378,0.196868,0.200123,1
2026-08-11T18:40:59.735844,26.9189,0.240314,0.217098,0.228706,1
2026-08-11T18:40:59.773714,26.9572,0.314603,0.308223,0.311413,1
2026-08-11T18:40:59.846840,27.0298,0.35243,0.348061,0.350246,1
2026-08-11T18:40:59.874647,27.0571,0.353509,0.349091,0.3513,1
2026-08-11T18:40:59.900827,27.0845,0.387202,0.362926,0.375064,1
2026-08-11T18:40:59.927517,27.111,0.390045,0.365868,0.377957,1
2026-08-11T18:40:59.954045,27.137,0.389552,0.364052,0.376802,1
2026-08-11T18:40:59.988759,27.1715,0.375964,0.355141,0.365553,1
2026-08-11T18:41:00.016081,27.1992,0.367695,0.349768,0.358732,1
2026-08-11T18:41:00.050488,27.2346,0.35923,0.346443,0.352837,1
2026-08-11T18:41:00.076333,27.2599,0.355527,0.345859,0.350693,1
2026-08-11T18:41:00.109912,27.2935,0.364181,0.351887,0.358034,1
2026-08-11T18:41:00.135613,27.3192,0.366726,0.35455,0.360638,1
2026-08-11T18:41:00.175574,27.3581,0.365371,0.352215,0.358793,1
2026-08-11T18:41:00.240981,27.4244,0.372526,0.356424,0.364475,1
2026-08-11T18:41:00.266858,27.4505,0.375704,0.357993,0.366848,1
2026-08-11T18:41:00.312482,27.4958,0.140778,0.134749,0.137764,1
2026-08-11T18:41:00.340287,27.5232,0.098972,0.096519,0.097746,1
2026-08-11T18:41:00.368211,27.5506,0.084604,0.082724,0.083664,1
2026-08-11T18:41:00.394054,27.5779,0.065013,0.0498,0.057407,1
2026-08-11T18:41:00.419453,27.6034,0.060283,0.039643,0.049963,1
2026-08-11T18:41:00.446055,27.63,0.07889,0.057996,0.068443,1
2026-08-11T18:41:00.473252,27.6564,0.096403,0.080982,0.088692,1
2026-08-11T18:41:00.511711,27.6948,0.279238,0.249319,0.264278,1
2026-08-11T18:41:00.538407,27.7224,0.313613,0.298079,0.305846,1
2026-08-11T18:41:00.580874,27.7647,0.366143,0.340587,0.353365,1
2026-08-11T18:41:00.642048,27.8241,0.365769,0.35047,0.35812,1
2026-08-11T18:41:00.668826,27.8517,0.36553,0.352955,0.359242,1
2026-08-11T18:41:00.702598,27.886,0.371016,0.357059,0.364038,1
2026-08-11T18:41:00.728686,27.9121,0.373822,0.361594,0.367708,1
2026-08-11T18:41:00.755976,27.9381,0.376807,0.366547,0.371677,1
2026-08-11T18:41:00.784849,27.9686,0.380962,0.366636,0.373799,1
2026-08-11T18:41:00.811338,27.9949,0.382872,0.366718,0.374795,1
2026-08-11T18:41:00.848352,28.031,0.379721,0.358094,0.368907,1
2026-08-11T18:41:00.875888,28.0587,0.380148,0.360581,0.370365,1
2026-08-11T18:41:00.910557,28.0941,0.128938,0.158511,0.143725,1
2026-08-11T18:41:00.933759,28.121,0.083598,0.086298,0.084948,1
2026-08-11T18:41:00.973017,28.1582,0.08969,0.051522,0.070606,1
2026-08-11T18:41:01.039746,28.2251,0.207347,0.132823,0.170085,1
2026-08-11T18:41:01.064605,28.2491,0.246297,0.158946,0.202621,1
2026-08-11T18:41:01.102750,28.2861,0.327945,0.283754,0.30585,1
2026-08-11T18:41:01.127953,28.313,0.351197,0.318906,0.335051,1
2026-08-11T18:41:01.154325,28.3376,0.361221,0.333231,0.347226,1
2026-08-11T18:41:01.186102,28.366,0.388135,0.36092,0.374528,1
2026-08-11T18:41:01.212156,28.3954,0.398533,0.372466,0.3855,1
2026-08-11T18:41:01.248076,28.4327,0.407935,0.37901,0.393472,1
2026-08-11T18:41:01.273893,28.4578,0.408166,0.379827,0.393996,1
2026-08-11T18:41:01.309958,28.4932,0.403759,0.380529,0.392144,1
2026-08-11T18:41:01.336659,28.5204,0.399939,0.378638,0.389288,1
2026-08-11T18:41:01.373645,28.5569,0.391168,0.371896,0.381532,1
2026-08-11T18:41:01.440209,28.6236,0.385614,0.373189,0.379401,1
2026-08-11T18:41:01.467689,28.6497,0.386483,0.373753,0.380118,1
2026-08-11T18:41:01.509076,28.6918,0.220232,0.255167,0.237699,1
2026-08-11T18:41:01.536969,28.7193,0.180884,0.221621,0.201252,1
2026-08-11T18:41:01.564821,28.7469,0.167885,0.205711,0.186798,1
2026-08-11T18:41:01.591506,28.7737,0.115876,0.114753,0.115314,1
2026-08-11T18:41:01.618139,28.8018,0.102632,0.083805,0.093219,1
2026-08-11T18:41:01.647538,28.8302,0.142262,0.09613,0.119196,1
2026-08-11T18:41:01.674475,28.8576,0.157797,0.123498,0.140648,1
2026-08-11T18:41:01.712436,28.8951,0.27647,0.237766,0.257118,1
2026-08-11T18:41:01.739513,28.9227,0.305397,0.276208,0.290802,1
2026-08-11T18:41:01.779374,28.9619,0.356817,0.340392,0.348605,1
2026-08-11T18:41:01.839599,29.023,0.394101,0.373994,0.384048,1
2026-08-11T18:41:01.867074,29.0492,0.400161,0.377789,0.388975,1
2026-08-11T18:41:01.905867,29.0871,0.403985,0.376977,0.390481,1
2026-08-11T18:41:01.932438,29.1153,0.403131,0.376383,0.389757,1
2026-08-11T18:41:01.959029,29.1418,0.403398,0.375452,0.389425,1
2026-08-11T18:41:01.988393,29.172,0.393859,0.369873,0.381866,1
2026-08-11T18:41:02.014719,29.1977,0.387435,0.365449,0.376442,1
2026-08-11T18:41:02.046337,29.2304,0.38733,0.377329,0.38233,1
2026-08-11T18:41:02.072869,29.256,0.38745,0.380315,0.383883,1
2026-08-11T18:41:02.108778,29.2933,0.391335,0.384825,0.38808,1
2026-08-11T18:41:02.134525,29.3183,0.392131,0.390297,0.391214,1
2026-08-11T18:41:02.177096,29.3592,0.391221,0.394345,0.392783,1
2026-08-11T18:41:02.245122,29.4284,0.383322,0.385725,0.384524,1
2026-08-11T18:41:02.271712,29.4546,0.38239,0.380847,0.381618,1
2026-08-11T18:41:02.302704,29.486,0.201189,0.211996,0.206592,1
2026-08-11T18:41:02.330574,29.513,0.161698,0.166463,0.164081,1
2026-08-11T18:41:02.357683,29.5411,0.161968,0.147311,0.15464,1
2026-08-11T18:41:02.384820,29.5667,0.116731,0.097813,0.107272,1
2026-08-11T18:41:02.412492,29.5956,0.096447,0.079481,0.087964,1
2026-08-11T18:41:02.449399,29.6333,0.145709,0.096596,0.121152,1
2026-08-11T18:41:02.476111,29.6592,0.162888,0.104388,0.133638,1
2026-08-11T18:41:02.511102,29.694,0.335705,0.26141,0.298558,1
2026-08-11T18:41:02.535377,29.7204,0.364718,0.311264,0.337991,1
2026-08-11T18:41:02.573438,29.7569,0.397471,0.358201,0.377836,1
2026-08-11T18:41:02.642327,29.8248,0.251007,0.27194,0.261474,1
2026-08-11T18:41:02.668936,29.8524,0.233137,0.24236,0.237748,1
2026-08-11T18:41:02.712514,29.8952,0.135233,0.123853,0.129543,1
2026-08-11T18:41:02.739732,29.9227,0.10876,0.099435,0.104098,1
2026-08-11T18:41:02.765341,29.9492,0.097187,0.08615,0.091668,1
2026-08-11T18:41:02.790863,29.9746,0.146997,0.146054,0.146526,1
2026-08-11T18:41:02.817732,30.0004,0.213601,0.19913,0.206366,1
